datetime,wind_dir,wind_speed,wind_dir_deg
2024-12-31 03:00:00,E,3.6,90.0
2024-12-31 06:00:00,W,7.2,270.0
2024-12-31 09:00:00,SSW,3.6,202.5
2024-12-31 12:00:00,NE,3.6,45.0
2024-12-31 15:00:00,CAL,0.0,
2024-12-31 18:00:00,CAL,0.0,
2024-12-31 21:00:00,ENE,3.6,67.5
2025-01-01 00:00:00,CAL,0.0,
2025-01-01 03:00:00,CAL,0.0,
2025-01-01 06:00:00,SW,3.6,225.0
2025-01-01 09:00:00,SSE,7.2,157.5
2025-01-01 12:00:00,CAL,0.0,
2025-01-01 15:00:00,S,3.6,180.0
2025-01-01 18:00:00,NE,3.6,45.0
2025-01-01 21:00:00,CAL,0.0,
2025-01-02 00:00:00,ENE,3.6,67.5
2025-01-02 00:00:00,ENE,3.6,67.5
2025-01-02 03:00:00,S,7.2,180.0
2025-01-02 06:00:00,NE,3.6,45.0
2025-01-02 09:00:00,N,7.2,0.0
2025-01-02 12:00:00,ESE,3.6,112.5
2025-01-02 15:00:00,N,3.6,0.0
2025-01-02 18:00:00,ENE,3.6,67.5
2025-01-02 21:00:00,S,3.6,180.0
2025-01-03 00:00:00,CAL,0.0,
2025-01-03 00:00:00,CAL,0.0,
2025-01-03 03:00:00,NNE,7.2,22.5
2025-01-03 06:00:00,N,7.2,0.0
2025-01-03 09:00:00,CAL,0.0,
2025-01-03 12:00:00,CAL,0.0,
2025-01-03 15:00:00,NE,3.6,45.0
2025-01-03 18:00:00,CAL,0.0,
2025-01-03 21:00:00,CAL,0.0,
2025-01-04 00:00:00,ESE,3.6,112.5
2025-01-04 00:00:00,ESE,3.6,112.5
2025-01-04 03:00:00,SE,3.6,135.0
2025-01-04 06:00:00,SSE,10.8,157.5
2025-01-04 09:00:00,E,7.2,90.0
2025-01-04 12:00:00,SE,10.8,135.0
2025-01-04 15:00:00,E,7.2,90.0
2025-01-04 18:00:00,NE,7.2,45.0
2025-01-04 21:00:00,NE,3.6,45.0
2025-01-05 00:00:00,NW,3.6,315.0
2025-01-05 00:00:00,NW,3.6,315.0
2025-01-05 03:00:00,SSE,3.6,157.5
2025-01-05 06:00:00,ENE,7.2,67.5
2025-01-05 09:00:00,NE,7.2,45.0
2025-01-05 12:00:00,NNE,3.6,22.5
2025-01-05 15:00:00,CAL,0.0,
2025-01-05 18:00:00,CAL,0.0,
2025-01-05 21:00:00,CAL,0.0,
2025-01-06 00:00:00,NNE,7.2,22.5
2025-01-06 00:00:00,NNE,7.2,22.5
2025-01-06 03:00:00,NNE,7.2,22.5
2025-01-06 06:00:00,S,7.2,180.0
2025-01-06 09:00:00,SE,3.6,135.0
2025-01-06 12:00:00,CAL,0.0,
2025-01-06 15:00:00,N,3.6,0.0
2025-01-06 18:00:00,CAL,0.0,
2025-01-06 21:00:00,CAL,0.0,
2025-01-07 00:00:00,CAL,0.0,
2025-01-07 00:00:00,CAL,0.0,
2025-01-07 03:00:00,CAL,0.0,
2025-01-07 06:00:00,W,3.6,270.0
2025-01-07 09:00:00,E,3.6,90.0
2025-01-07 12:00:00,N,3.6,0.0
2025-01-07 15:00:00,ENE,3.6,67.5
2025-01-07 18:00:00,ENE,3.6,67.5
2025-01-07 21:00:00,NE,3.6,45.0
2025-01-08 00:00:00,CAL,0.0,
2025-01-08 00:00:00,CAL,0.0,
2025-01-08 03:00:00,NNW,3.6,337.5
2025-01-08 06:00:00,E,3.6,90.0
2025-01-08 09:00:00,S,7.2,180.0
2025-01-08 12:00:00,CAL,0.0,
2025-01-08 15:00:00,CAL,0.0,
2025-01-08 18:00:00,NE,3.6,45.0
2025-01-08 21:00:00,CAL,0.0,
2025-01-09 00:00:00,NW,3.6,315.0
2025-01-09 00:00:00,NW,3.6,315.0
2025-01-09 03:00:00,SW,3.6,225.0
2025-01-09 06:00:00,NE,7.2,45.0
2025-01-09 09:00:00,E,3.6,90.0
2025-01-09 12:00:00,NE,3.6,45.0
2025-01-09 15:00:00,E,3.6,90.0
2025-01-09 18:00:00,N,3.6,0.0
2025-01-09 21:00:00,CAL,0.0,
2025-01-10 00:00:00,SW,3.6,225.0
2025-01-10 00:00:00,SW,3.6,225.0
2025-01-10 03:00:00,SSE,7.2,157.5
2025-01-10 06:00:00,NE,7.2,45.0
2025-01-10 09:00:00,ENE,3.6,67.5
2025-01-10 12:00:00,N,3.6,0.0
2025-01-10 15:00:00,N,3.6,0.0
2025-01-10 18:00:00,W,3.6,270.0
2025-01-10 21:00:00,WNW,3.6,292.5
2025-01-11 00:00:00,NE,3.6,45.0
2025-01-11 00:00:00,NE,3.6,45.0
2025-01-11 03:00:00,E,7.2,90.0
2025-01-11 06:00:00,NE,7.2,45.0
2025-01-11 09:00:00,E,7.2,90.0
2025-01-11 12:00:00,NE,7.2,45.0
2025-01-11 15:00:00,NE,3.6,45.0
2025-01-11 18:00:00,WNW,3.6,292.5
2025-01-11 21:00:00,NE,3.6,45.0
2025-01-12 00:00:00,NE,10.8,45.0
2025-01-12 00:00:00,NE,10.8,45.0
2025-01-12 03:00:00,N,10.8,0.0
2025-01-12 06:00:00,NE,10.8,45.0
2025-01-12 09:00:00,ENE,3.6,67.5
2025-01-12 12:00:00,NE,3.6,45.0
2025-01-12 15:00:00,NE,7.2,45.0
2025-01-12 18:00:00,CAL,0.0,
2025-01-12 21:00:00,CAL,0.0,
2025-01-13 00:00:00,NE,7.2,45.0
2025-01-13 00:00:00,NE,7.2,45.0
2025-01-13 03:00:00,ENE,7.2,67.5
2025-01-13 06:00:00,NE,10.8,45.0
2025-01-13 09:00:00,E,7.2,90.0
2025-01-13 12:00:00,NNE,3.6,22.5
2025-01-13 15:00:00,CAL,0.0,
2025-01-13 18:00:00,CAL,0.0,
2025-01-13 21:00:00,CAL,0.0,
2025-01-14 00:00:00,W,3.6,270.0
2025-01-14 00:00:00,W,3.6,270.0
2025-01-14 03:00:00,S,7.2,180.0
2025-01-14 06:00:00,NE,7.2,45.0
2025-01-14 09:00:00,N,7.2,0.0
2025-01-14 12:00:00,N,7.2,0.0
2025-01-14 15:00:00,ENE,3.6,67.5
2025-01-14 18:00:00,NE,3.6,45.0
2025-01-14 21:00:00,CAL,0.0,
2025-01-15 00:00:00,CAL,0.0,
2025-01-15 00:00:00,CAL,0.0,
2025-01-15 03:00:00,NNE,7.2,22.5
2025-01-15 06:00:00,ENE,7.2,67.5
2025-01-15 09:00:00,N,7.2,0.0
2025-01-15 12:00:00,NNE,3.6,22.5
2025-01-15 15:00:00,NNE,3.6,22.5
2025-01-15 18:00:00,CAL,0.0,
2025-01-15 21:00:00,CAL,0.0,
2025-01-16 00:00:00,NNE,3.6,22.5
2025-01-16 00:00:00,NNE,3.6,22.5
2025-01-16 03:00:00,SE,7.2,135.0
2025-01-16 06:00:00,ENE,10.8,67.5
2025-01-16 09:00:00,ENE,10.8,67.5
2025-01-16 12:00:00,ENE,3.6,67.5
2025-01-16 15:00:00,CAL,0.0,
2025-01-16 18:00:00,NW,3.6,315.0
2025-01-16 21:00:00,CAL,0.0,
2025-01-17 00:00:00,CAL,0.0,
2025-01-17 00:00:00,CAL,0.0,
2025-01-17 03:00:00,NE,7.2,45.0
2025-01-17 06:00:00,E,7.2,90.0
2025-01-17 09:00:00,NE,7.2,45.0
2025-01-17 12:00:00,NNE,3.6,22.5
2025-01-17 15:00:00,N,3.6,0.0
2025-01-17 18:00:00,NW,3.6,315.0
2025-01-17 21:00:00,NE,3.6,45.0
2025-01-18 00:00:00,E,3.6,90.0
2025-01-18 00:00:00,E,3.6,90.0
2025-01-18 03:00:00,SE,10.8,135.0
2025-01-18 06:00:00,NE,3.6,45.0
2025-01-18 09:00:00,NNE,3.6,22.5
2025-01-18 12:00:00,E,3.6,90.0
2025-01-18 15:00:00,E,3.6,90.0
2025-01-18 18:00:00,NE,3.6,45.0
2025-01-18 21:00:00,CAL,0.0,
2025-01-19 00:00:00,NNE,7.2,22.5
2025-01-19 00:00:00,NNE,7.2,22.5
2025-01-19 03:00:00,ENE,7.2,67.5
2025-01-19 06:00:00,ENE,3.6,67.5
2025-01-19 09:00:00,CAL,0.0,
2025-01-19 12:00:00,WNW,3.6,292.5
2025-01-19 15:00:00,NNE,10.8,22.5
2025-01-19 18:00:00,CAL,0.0,
2025-01-19 21:00:00,NNE,3.6,22.5
2025-01-20 00:00:00,NE,7.2,45.0
2025-01-20 00:00:00,NE,7.2,45.0
2025-01-20 03:00:00,S,3.6,180.0
2025-01-20 06:00:00,SW,7.2,225.0
2025-01-20 09:00:00,S,7.2,180.0
2025-01-20 12:00:00,S,3.6,180.0
2025-01-20 15:00:00,CAL,0.0,
2025-01-20 18:00:00,CAL,0.0,
2025-01-20 21:00:00,CAL,0.0,
2025-01-21 00:00:00,WNW,3.6,292.5
2025-01-21 00:00:00,WNW,3.6,292.5
2025-01-21 03:00:00,SE,7.2,135.0
2025-01-21 06:00:00,SSE,3.6,157.5
2025-01-21 09:00:00,NNE,3.6,22.5
2025-01-21 12:00:00,CAL,0.0,
2025-01-21 15:00:00,ESE,3.6,112.5
2025-01-21 18:00:00,CAL,0.0,
2025-01-21 21:00:00,CAL,0.0,
2025-01-22 00:00:00,WSW,3.6,247.5
2025-01-22 00:00:00,WSW,3.6,247.5
2025-01-22 03:00:00,NE,7.2,45.0
2025-01-22 06:00:00,NW,3.6,315.0
2025-01-22 09:00:00,SSE,7.2,157.5
2025-01-22 12:00:00,SW,3.6,225.0
2025-01-22 15:00:00,CAL,0.0,
2025-01-22 18:00:00,CAL,0.0,
2025-01-22 21:00:00,CAL,0.0,
2025-01-23 00:00:00,NNE,3.6,22.5
2025-01-23 00:00:00,NNE,3.6,22.5
2025-01-23 03:00:00,E,7.2,90.0
2025-01-23 06:00:00,NNE,7.2,22.5
2025-01-23 09:00:00,SSE,7.2,157.5
2025-01-23 12:00:00,CAL,0.0,
2025-01-23 15:00:00,CAL,0.0,
2025-01-23 18:00:00,CAL,0.0,
2025-01-23 21:00:00,CAL,0.0,
2025-01-24 00:00:00,SE,3.6,135.0
2025-01-24 00:00:00,SE,3.6,135.0
2025-01-24 03:00:00,SSE,7.2,157.5
2025-01-24 06:00:00,S,7.2,180.0
2025-01-24 09:00:00,S,3.6,180.0
2025-01-24 12:00:00,SE,3.6,135.0
2025-01-24 15:00:00,CAL,0.0,
2025-01-24 18:00:00,E,3.6,90.0
2025-01-24 21:00:00,S,3.6,180.0
2025-01-25 00:00:00,NW,3.6,315.0
2025-01-25 00:00:00,NW,3.6,315.0
2025-01-25 03:00:00,NNE,7.2,22.5
2025-01-25 06:00:00,NNW,7.2,337.5
2025-01-25 09:00:00,W,3.6,270.0
2025-01-25 12:00:00,E,3.6,90.0
2025-01-25 15:00:00,ENE,7.2,67.5
2025-01-25 18:00:00,ENE,3.6,67.5
2025-01-25 21:00:00,ENE,3.6,67.5
2025-01-26 00:00:00,NNE,3.6,22.5
2025-01-26 00:00:00,NNE,3.6,22.5
2025-01-26 03:00:00,NE,3.6,45.0
2025-01-26 06:00:00,N,7.2,0.0
2025-01-26 09:00:00,NE,7.2,45.0
2025-01-26 12:00:00,CAL,0.0,
2025-01-26 15:00:00,CAL,0.0,
2025-01-26 18:00:00,CAL,0.0,
2025-01-26 21:00:00,NNE,3.6,22.5
2025-01-27 00:00:00,E,3.6,90.0
2025-01-27 00:00:00,E,3.6,90.0
2025-01-27 03:00:00,ESE,3.6,112.5
2025-01-27 06:00:00,W,7.2,270.0
2025-01-27 09:00:00,SE,3.6,135.0
2025-01-27 12:00:00,NNE,3.6,22.5
2025-01-27 15:00:00,CAL,0.0,
2025-01-27 18:00:00,CAL,0.0,
2025-01-27 21:00:00,CAL,0.0,
2025-01-28 00:00:00,ENE,3.6,67.5
2025-01-28 00:00:00,ENE,3.6,67.5
2025-01-28 03:00:00,NNE,3.6,22.5
2025-01-28 06:00:00,E,3.6,90.0
2025-01-28 09:00:00,ESE,3.6,112.5
2025-01-28 12:00:00,S,3.6,180.0
2025-01-28 15:00:00,ENE,3.6,67.5
2025-01-28 18:00:00,CAL,0.0,
2025-01-28 21:00:00,ENE,3.6,67.5
2025-01-29 00:00:00,E,7.2,90.0
2025-01-29 00:00:00,E,7.2,90.0
2025-01-29 03:00:00,ENE,7.2,67.5
2025-01-29 06:00:00,ENE,7.2,67.5
2025-01-29 09:00:00,E,10.8,90.0
2025-01-29 12:00:00,N,3.6,0.0
2025-01-29 15:00:00,NE,3.6,45.0
2025-01-29 18:00:00,CAL,0.0,
2025-01-29 21:00:00,NE,7.2,45.0
2025-01-30 00:00:00,ENE,10.8,67.5
2025-01-30 00:00:00,ENE,10.8,67.5
2025-01-30 03:00:00,ESE,10.8,112.5
2025-01-30 06:00:00,E,14.4,90.0
2025-01-30 09:00:00,NE,10.8,45.0
2025-01-30 12:00:00,N,7.2,0.0
2025-01-30 15:00:00,N,3.6,0.0
2025-01-30 18:00:00,NE,3.6,45.0
2025-01-30 21:00:00,NE,3.6,45.0
2025-01-31 00:00:00,NE,7.2,45.0
2025-01-31 00:00:00,NE,7.2,45.0
2025-01-31 03:00:00,S,3.6,180.0
2025-01-31 06:00:00,SSE,10.8,157.5
2025-01-31 09:00:00,S,10.8,180.0
2025-01-31 12:00:00,SSE,3.6,157.5
2025-01-31 15:00:00,NE,3.6,45.0
2025-01-31 18:00:00,CAL,0.0,
2025-01-31 21:00:00,E,3.6,90.0
2025-02-01 00:00:00,E,3.6,90.0
2025-02-01 00:00:00,E,3.6,90.0
2025-02-01 03:00:00,S,10.8,180.0
2025-02-01 06:00:00,S,10.8,180.0
2025-02-01 09:00:00,SSE,7.2,157.5
2025-02-01 12:00:00,S,7.2,180.0
2025-02-01 15:00:00,SSE,3.6,157.5
2025-02-01 18:00:00,SSE,3.6,157.5
2025-02-01 21:00:00,ENE,3.6,67.5
2025-02-02 00:00:00,NNE,3.6,22.5
2025-02-02 00:00:00,NNE,3.6,22.5
2025-02-02 03:00:00,S,7.2,180.0
2025-02-02 06:00:00,S,7.2,180.0
2025-02-02 09:00:00,S,7.2,180.0
2025-02-02 12:00:00,S,3.6,180.0
2025-02-02 15:00:00,S,3.6,180.0
2025-02-02 18:00:00,NNE,3.6,22.5
2025-02-02 21:00:00,CAL,0.0,
2025-02-03 00:00:00,NNE,7.2,22.5
2025-02-03 00:00:00,NNE,7.2,22.5
2025-02-03 03:00:00,E,3.6,90.0
2025-02-03 06:00:00,E,7.2,90.0
2025-02-03 09:00:00,S,3.6,180.0
2025-02-03 12:00:00,S,3.6,180.0
2025-02-03 15:00:00,CAL,0.0,
2025-02-03 18:00:00,CAL,0.0,
2025-02-03 21:00:00,CAL,0.0,
2025-02-04 00:00:00,CAL,0.0,
2025-02-04 00:00:00,CAL,0.0,
2025-02-04 03:00:00,SE,7.2,135.0
2025-02-04 06:00:00,E,10.8,90.0
2025-02-04 09:00:00,ENE,7.2,67.5
2025-02-04 12:00:00,E,7.2,90.0
2025-02-04 15:00:00,ENE,3.6,67.5
2025-02-04 18:00:00,N,3.6,0.0
2025-02-04 21:00:00,CAL,0.0,
2025-02-05 00:00:00,W,7.2,270.0
2025-02-05 00:00:00,W,7.2,270.0
2025-02-05 03:00:00,NE,7.2,45.0
2025-02-05 06:00:00,E,7.2,90.0
2025-02-05 09:00:00,E,10.8,90.0
2025-02-05 12:00:00,ENE,7.2,67.5
2025-02-05 15:00:00,NW,3.6,315.0
2025-02-05 18:00:00,N,3.6,0.0
2025-02-05 21:00:00,NNE,3.6,22.5
2025-02-06 00:00:00,NNE,10.8,22.5
2025-02-06 00:00:00,NNE,10.8,22.5
2025-02-06 03:00:00,E,10.8,90.0
2025-02-06 06:00:00,ENE,10.8,67.5
2025-02-06 09:00:00,ENE,7.2,67.5
2025-02-06 12:00:00,E,7.2,90.0
2025-02-06 15:00:00,E,3.6,90.0
2025-02-06 18:00:00,E,3.6,90.0
2025-02-06 21:00:00,E,3.6,90.0
2025-02-07 00:00:00,NNE,3.6,22.5
2025-02-07 00:00:00,NNE,3.6,22.5
2025-02-07 03:00:00,NE,7.2,45.0
2025-02-07 06:00:00,SE,7.2,135.0
2025-02-07 09:00:00,NE,7.2,45.0
2025-02-07 12:00:00,ESE,3.6,112.5
2025-02-07 15:00:00,NE,3.6,45.0
2025-02-07 18:00:00,NE,3.6,45.0
2025-02-07 21:00:00,ENE,3.6,67.5
2025-02-08 00:00:00,E,3.6,90.0
2025-02-08 00:00:00,E,3.6,90.0
2025-02-08 03:00:00,E,10.8,90.0
2025-02-08 06:00:00,E,10.8,90.0
2025-02-08 09:00:00,E,7.2,90.0
2025-02-08 12:00:00,E,7.2,90.0
2025-02-08 15:00:00,NE,7.2,45.0
2025-02-08 18:00:00,CAL,0.0,
2025-02-08 21:00:00,NNE,3.6,22.5
2025-02-09 00:00:00,ENE,7.2,67.5
2025-02-09 00:00:00,ENE,7.2,67.5
2025-02-09 03:00:00,ENE,7.2,67.5
2025-02-09 06:00:00,NE,10.8,45.0
2025-02-09 09:00:00,NE,7.2,45.0
2025-02-09 12:00:00,NNE,7.2,22.5
2025-02-09 15:00:00,WNW,3.6,292.5
2025-02-09 18:00:00,CAL,0.0,
2025-02-09 21:00:00,E,3.6,90.0
2025-02-10 00:00:00,NE,7.2,45.0
2025-02-10 00:00:00,NE,7.2,45.0
2025-02-10 03:00:00,E,10.8,90.0
2025-02-10 06:00:00,NE,7.2,45.0
2025-02-10 09:00:00,NNE,3.6,22.5
2025-02-10 12:00:00,CAL,0.0,
2025-02-10 15:00:00,CAL,0.0,
2025-02-10 18:00:00,CAL,0.0,
2025-02-10 21:00:00,CAL,0.0,
2025-02-11 00:00:00,SE,3.6,135.0
2025-02-11 00:00:00,SE,3.6,135.0
2025-02-11 03:00:00,NE,3.6,45.0
2025-02-11 06:00:00,SSE,10.8,157.5
2025-02-11 09:00:00,SW,7.2,225.0
2025-02-11 12:00:00,SE,3.6,135.0
2025-02-11 15:00:00,CAL,0.0,
2025-02-11 18:00:00,CAL,0.0,
2025-02-11 21:00:00,CAL,0.0,
2025-02-12 00:00:00,NE,3.6,45.0
2025-02-12 00:00:00,NE,3.6,45.0
2025-02-12 03:00:00,SE,14.4,135.0
2025-02-12 06:00:00,SSE,10.8,157.5
2025-02-12 09:00:00,ESE,10.8,112.5
2025-02-12 12:00:00,ESE,7.2,112.5
2025-02-12 15:00:00,SW,3.6,225.0
2025-02-12 18:00:00,CAL,0.0,
2025-02-12 21:00:00,NE,3.6,45.0
2025-02-13 00:00:00,NE,3.6,45.0
2025-02-13 00:00:00,NE,3.6,45.0
2025-02-13 03:00:00,ENE,3.6,67.5
2025-02-13 06:00:00,NNE,10.8,22.5
2025-02-13 09:00:00,ESE,7.2,112.5
2025-02-13 12:00:00,CAL,0.0,
2025-02-13 15:00:00,ENE,3.6,67.5
2025-02-13 18:00:00,SE,3.6,135.0
2025-02-13 21:00:00,ENE,3.6,67.5
2025-02-14 00:00:00,SE,3.6,135.0
2025-02-14 00:00:00,SE,3.6,135.0
2025-02-14 03:00:00,E,3.6,90.0
2025-02-14 06:00:00,NNW,7.2,337.5
2025-02-14 09:00:00,N,3.6,0.0
2025-02-14 12:00:00,CAL,0.0,
2025-02-14 15:00:00,CAL,0.0,
2025-02-14 18:00:00,NE,3.6,45.0
2025-02-14 21:00:00,NE,3.6,45.0
2025-02-15 00:00:00,CAL,0.0,
2025-02-15 00:00:00,CAL,0.0,
2025-02-15 03:00:00,NE,3.6,45.0
2025-02-15 06:00:00,SE,7.2,135.0
2025-02-15 09:00:00,S,7.2,180.0
2025-02-15 12:00:00,E,3.6,90.0
2025-02-15 15:00:00,CAL,0.0,
2025-02-15 18:00:00,ENE,3.6,67.5
2025-02-15 21:00:00,SE,3.6,135.0
2025-02-16 00:00:00,CAL,0.0,
2025-02-16 00:00:00,CAL,0.0,
2025-02-16 03:00:00,N,7.2,0.0
2025-02-16 06:00:00,NNE,10.8,22.5
2025-02-16 09:00:00,NNE,3.6,22.5
2025-02-16 12:00:00,SSW,7.2,202.5
2025-02-16 15:00:00,ENE,3.6,67.5
2025-02-16 18:00:00,CAL,0.0,
2025-02-16 21:00:00,CAL,0.0,
2025-02-17 00:00:00,N,3.6,0.0
2025-02-17 00:00:00,N,3.6,0.0
2025-02-17 03:00:00,SSW,3.6,202.5
2025-02-17 06:00:00,NE,7.2,45.0
2025-02-17 09:00:00,N,3.6,0.0
2025-02-17 12:00:00,S,3.6,180.0
2025-02-17 15:00:00,CAL,0.0,
2025-02-17 18:00:00,CAL,0.0,
2025-02-17 21:00:00,CAL,0.0,
2025-02-18 00:00:00,CAL,0.0,
2025-02-18 00:00:00,CAL,0.0,
2025-02-18 03:00:00,N,3.6,0.0
2025-02-18 06:00:00,NW,3.6,315.0
2025-02-18 09:00:00,S,3.6,180.0
2025-02-18 12:00:00,CAL,0.0,
2025-02-18 15:00:00,CAL,0.0,
2025-02-18 18:00:00,CAL,0.0,
2025-02-18 21:00:00,ESE,3.6,112.5
2025-02-19 00:00:00,WNW,3.6,292.5
2025-02-19 00:00:00,WNW,3.6,292.5
2025-02-19 03:00:00,NNE,7.2,22.5
2025-02-19 06:00:00,SSE,10.8,157.5
2025-02-19 09:00:00,NNE,7.2,22.5
2025-02-19 12:00:00,CAL,0.0,
2025-02-19 15:00:00,N,3.6,0.0
2025-02-19 18:00:00,W,3.6,270.0
2025-02-19 21:00:00,CAL,0.0,
2025-02-20 00:00:00,NW,3.6,315.0
2025-02-20 00:00:00,NW,3.6,315.0
2025-02-20 03:00:00,SE,3.6,135.0
2025-02-20 06:00:00,SE,14.4,135.0
2025-02-20 09:00:00,SSW,10.8,202.5
2025-02-20 12:00:00,S,7.2,180.0
2025-02-20 15:00:00,E,3.6,90.0
2025-02-20 18:00:00,NE,3.6,45.0
2025-02-20 21:00:00,CAL,0.0,
2025-02-21 00:00:00,NNE,7.2,22.5
2025-02-21 00:00:00,NNE,7.2,22.5
2025-02-21 03:00:00,SE,10.8,135.0
2025-02-21 06:00:00,ESE,7.2,112.5
2025-02-21 09:00:00,SSE,10.8,157.5
2025-02-21 12:00:00,S,7.2,180.0
2025-02-21 15:00:00,S,3.6,180.0
2025-02-21 18:00:00,E,3.6,90.0
2025-02-21 21:00:00,N,3.6,0.0
2025-02-22 00:00:00,S,3.6,180.0
2025-02-22 00:00:00,S,3.6,180.0
2025-02-22 03:00:00,S,7.2,180.0
2025-02-22 06:00:00,SE,10.8,135.0
2025-02-22 09:00:00,SE,10.8,135.0
2025-02-22 12:00:00,SSE,7.2,157.5
2025-02-22 15:00:00,S,3.6,180.0
2025-02-22 18:00:00,CAL,0.0,
2025-02-22 21:00:00,CAL,0.0,
2025-02-23 00:00:00,CAL,0.0,
2025-02-23 00:00:00,CAL,0.0,
2025-02-23 03:00:00,N,7.2,0.0
2025-02-23 06:00:00,N,7.2,0.0
2025-02-23 09:00:00,NNW,10.8,337.5
2025-02-23 12:00:00,N,7.2,0.0
2025-02-23 15:00:00,CAL,0.0,
2025-02-23 18:00:00,CAL,0.0,
2025-02-23 21:00:00,CAL,0.0,
2025-02-24 00:00:00,NE,3.6,45.0
2025-02-24 00:00:00,NE,3.6,45.0
2025-02-24 03:00:00,NE,3.6,45.0
2025-02-24 06:00:00,NE,10.8,45.0
2025-02-24 09:00:00,E,7.2,90.0
2025-02-24 12:00:00,N,3.6,0.0
2025-02-24 15:00:00,NNE,3.6,22.5
2025-02-24 18:00:00,CAL,0.0,
2025-02-24 21:00:00,CAL,0.0,
2025-02-25 00:00:00,NNW,7.2,337.5
2025-02-25 00:00:00,NNW,7.2,337.5
2025-02-25 03:00:00,S,3.6,180.0
2025-02-25 06:00:00,N,7.2,0.0
2025-02-25 09:00:00,E,7.2,90.0
2025-02-25 12:00:00,SSW,7.2,202.5
2025-02-25 15:00:00,CAL,0.0,
2025-02-25 18:00:00,CAL,0.0,
2025-02-25 21:00:00,CAL,0.0,
2025-02-26 00:00:00,E,3.6,90.0
2025-02-26 00:00:00,E,3.6,90.0
2025-02-26 03:00:00,N,7.2,0.0
2025-02-26 06:00:00,E,7.2,90.0
2025-02-26 09:00:00,S,7.2,180.0
2025-02-26 12:00:00,S,7.2,180.0
2025-02-26 15:00:00,ESE,3.6,112.5
2025-02-26 18:00:00,ENE,3.6,67.5
2025-02-26 21:00:00,CAL,0.0,
2025-02-27 00:00:00,S,3.6,180.0
2025-02-27 00:00:00,S,3.6,180.0
2025-02-27 03:00:00,ENE,7.2,67.5
2025-02-27 06:00:00,W,7.2,270.0
2025-02-27 09:00:00,ENE,7.2,67.5
2025-02-27 12:00:00,ESE,3.6,112.5
2025-02-27 15:00:00,SE,3.6,135.0
2025-02-27 18:00:00,CAL,0.0,
2025-02-27 21:00:00,NE,3.6,45.0
2025-02-28 00:00:00,S,3.6,180.0
2025-02-28 00:00:00,S,3.6,180.0
2025-02-28 03:00:00,SSE,7.2,157.5
2025-02-28 06:00:00,E,7.2,90.0
2025-02-28 09:00:00,E,7.2,90.0
2025-02-28 12:00:00,NNE,7.2,22.5
2025-02-28 15:00:00,NE,3.6,45.0
2025-02-28 18:00:00,S,3.6,180.0
2025-02-28 21:00:00,CAL,0.0,
2025-03-01 00:00:00,W,3.6,270.0
2025-03-01 00:00:00,W,3.6,270.0
2025-03-01 03:00:00,N,3.6,0.0
2025-03-01 06:00:00,NE,3.6,45.0
2025-03-01 09:00:00,ESE,7.2,112.5
2025-03-01 12:00:00,E,3.6,90.0
2025-03-01 15:00:00,SSE,3.6,157.5
2025-03-01 18:00:00,ENE,3.6,67.5
2025-03-01 21:00:00,ENE,3.6,67.5
2025-03-02 00:00:00,E,3.6,90.0
2025-03-02 00:00:00,E,3.6,90.0
2025-03-02 03:00:00,E,7.2,90.0
2025-03-02 06:00:00,S,7.2,180.0
2025-03-02 09:00:00,ENE,7.2,67.5
2025-03-02 12:00:00,NE,7.2,45.0
2025-03-02 15:00:00,ENE,7.2,67.5
2025-03-02 18:00:00,CAL,0.0,
2025-03-02 21:00:00,CAL,0.0,
2025-03-03 00:00:00,ENE,3.6,67.5
2025-03-03 00:00:00,ENE,3.6,67.5
2025-03-03 03:00:00,SSE,10.8,157.5
2025-03-03 06:00:00,ENE,10.8,67.5
2025-03-03 09:00:00,ENE,7.2,67.5
2025-03-03 12:00:00,S,3.6,180.0
2025-03-03 15:00:00,CAL,0.0,
2025-03-03 18:00:00,CAL,0.0,
2025-03-03 21:00:00,CAL,0.0,
2025-03-04 00:00:00,CAL,0.0,
2025-03-04 00:00:00,CAL,0.0,
2025-03-04 03:00:00,E,10.8,90.0
2025-03-04 06:00:00,NW,7.2,315.0
2025-03-04 09:00:00,N,7.2,0.0
2025-03-04 12:00:00,SE,7.2,135.0
2025-03-04 15:00:00,ESE,7.2,112.5
2025-03-04 18:00:00,CAL,0.0,
2025-03-04 21:00:00,CAL,0.0,
2025-03-05 00:00:00,NE,3.6,45.0
2025-03-05 00:00:00,NE,3.6,45.0
2025-03-05 03:00:00,SW,3.6,225.0
2025-03-05 06:00:00,S,7.2,180.0
2025-03-05 09:00:00,SE,7.2,135.0
2025-03-05 12:00:00,S,3.6,180.0
2025-03-05 15:00:00,SW,3.6,225.0
2025-03-05 18:00:00,ESE,3.6,112.5
2025-03-05 21:00:00,ENE,3.6,67.5
2025-03-06 00:00:00,NE,3.6,45.0
2025-03-06 00:00:00,NE,3.6,45.0
2025-03-06 03:00:00,SW,7.2,225.0
2025-03-06 06:00:00,N,7.2,0.0
2025-03-06 09:00:00,SW,7.2,225.0
2025-03-06 12:00:00,CAL,0.0,
2025-03-06 15:00:00,NE,3.6,45.0
2025-03-06 18:00:00,SE,3.6,135.0
2025-03-06 21:00:00,E,3.6,90.0
2025-03-07 00:00:00,SSE,3.6,157.5
2025-03-07 00:00:00,SSE,3.6,157.5
2025-03-07 03:00:00,SE,7.2,135.0
2025-03-07 06:00:00,ENE,7.2,67.5
2025-03-07 09:00:00,SSE,10.8,157.5
2025-03-07 12:00:00,S,3.6,180.0
2025-03-07 15:00:00,NE,3.6,45.0
2025-03-07 18:00:00,ENE,3.6,67.5
2025-03-07 21:00:00,ENE,3.6,67.5
2025-03-08 00:00:00,NE,7.2,45.0
2025-03-08 00:00:00,NE,7.2,45.0
2025-03-08 03:00:00,NE,7.2,45.0
2025-03-08 06:00:00,N,7.2,0.0
2025-03-08 09:00:00,NNE,7.2,22.5
2025-03-08 12:00:00,CAL,0.0,
2025-03-08 15:00:00,NE,3.6,45.0
2025-03-08 18:00:00,CAL,0.0,
2025-03-08 21:00:00,ENE,3.6,67.5
2025-03-09 00:00:00,CAL,0.0,
2025-03-09 00:00:00,CAL,0.0,
2025-03-09 03:00:00,ESE,7.2,112.5
2025-03-09 06:00:00,NNE,7.2,22.5
2025-03-09 09:00:00,E,7.2,90.0
2025-03-09 12:00:00,CAL,0.0,
2025-03-09 15:00:00,CAL,0.0,
2025-03-09 18:00:00,CAL,0.0,
2025-03-09 21:00:00,CAL,0.0,
2025-03-10 00:00:00,E,3.6,90.0
2025-03-10 00:00:00,E,3.6,90.0
2025-03-10 03:00:00,N,7.2,0.0
2025-03-10 06:00:00,ESE,10.8,112.5
2025-03-10 09:00:00,NE,7.2,45.0
2025-03-10 12:00:00,NNE,3.6,22.5
2025-03-10 15:00:00,CAL,0.0,
2025-03-10 18:00:00,CAL,0.0,
2025-03-10 21:00:00,CAL,0.0,
2025-03-11 00:00:00,ENE,3.6,67.5
2025-03-11 00:00:00,ENE,3.6,67.5
2025-03-11 03:00:00,SE,3.6,135.0
2025-03-11 06:00:00,NE,7.2,45.0
2025-03-11 09:00:00,SE,10.8,135.0
2025-03-11 12:00:00,ENE,3.6,67.5
2025-03-11 15:00:00,CAL,0.0,
2025-03-11 18:00:00,CAL,0.0,
2025-03-11 21:00:00,CAL,0.0,
2025-03-12 00:00:00,S,3.6,180.0
2025-03-12 00:00:00,S,3.6,180.0
2025-03-12 03:00:00,W,10.8,270.0
2025-03-12 06:00:00,E,7.2,90.0
2025-03-12 09:00:00,S,10.8,180.0
2025-03-12 12:00:00,SE,7.2,135.0
2025-03-12 15:00:00,ESE,7.2,112.5
2025-03-12 18:00:00,N,3.6,0.0
2025-03-12 21:00:00,CAL,0.0,
2025-03-13 00:00:00,N,3.6,0.0
2025-03-13 00:00:00,N,3.6,0.0
2025-03-13 03:00:00,SE,10.8,135.0
2025-03-13 06:00:00,SE,10.8,135.0
2025-03-13 09:00:00,S,10.8,180.0
2025-03-13 12:00:00,E,3.6,90.0
2025-03-13 15:00:00,E,3.6,90.0
2025-03-13 18:00:00,CAL,0.0,
2025-03-13 21:00:00,CAL,0.0,
2025-03-14 00:00:00,SSE,3.6,157.5
2025-03-14 00:00:00,SSE,3.6,157.5
2025-03-14 03:00:00,SE,10.8,135.0
2025-03-14 06:00:00,SE,10.8,135.0
2025-03-14 09:00:00,SSE,7.2,157.5
2025-03-14 12:00:00,NE,7.2,45.0
2025-03-14 15:00:00,CAL,0.0,
2025-03-14 18:00:00,CAL,0.0,
2025-03-14 21:00:00,SE,3.6,135.0
2025-03-15 00:00:00,E,3.6,90.0
2025-03-15 00:00:00,E,3.6,90.0
2025-03-15 03:00:00,E,7.2,90.0
2025-03-15 06:00:00,S,3.6,180.0
2025-03-15 09:00:00,S,7.2,180.0
2025-03-15 12:00:00,S,3.6,180.0
2025-03-15 15:00:00,CAL,0.0,
2025-03-15 18:00:00,CAL,0.0,
2025-03-15 21:00:00,S,3.6,180.0
2025-03-16 00:00:00,NE,7.2,45.0
2025-03-16 00:00:00,NE,7.2,45.0
2025-03-16 03:00:00,N,7.2,0.0
2025-03-16 06:00:00,WNW,7.2,292.5
2025-03-16 09:00:00,SSE,3.6,157.5
2025-03-16 12:00:00,ESE,3.6,112.5
2025-03-16 15:00:00,NE,3.6,45.0
2025-03-16 18:00:00,CAL,0.0,
2025-03-16 21:00:00,CAL,0.0,
2025-03-17 00:00:00,NE,3.6,45.0
2025-03-17 00:00:00,NE,3.6,45.0
2025-03-17 03:00:00,ENE,7.2,67.5
2025-03-17 06:00:00,NE,7.2,45.0
2025-03-17 09:00:00,E,7.2,90.0
2025-03-17 12:00:00,S,3.6,180.0
2025-03-17 15:00:00,CAL,0.0,
2025-03-17 18:00:00,CAL,0.0,
2025-03-17 21:00:00,CAL,0.0,
2025-03-18 00:00:00,N,7.2,0.0
2025-03-18 00:00:00,N,7.2,0.0
2025-03-18 03:00:00,CAL,0.0,
2025-03-18 06:00:00,NE,10.8,45.0
2025-03-18 09:00:00,E,10.8,90.0
2025-03-18 12:00:00,SSW,3.6,202.5
2025-03-18 15:00:00,CAL,0.0,
2025-03-18 18:00:00,CAL,0.0,
2025-03-18 21:00:00,NE,3.6,45.0
2025-03-19 00:00:00,E,3.6,90.0
2025-03-19 00:00:00,E,3.6,90.0
2025-03-19 03:00:00,NE,7.2,45.0
2025-03-19 06:00:00,E,10.8,90.0
2025-03-19 09:00:00,ENE,7.2,67.5
2025-03-19 12:00:00,W,3.6,270.0
2025-03-19 15:00:00,SSW,3.6,202.5
2025-03-19 18:00:00,N,7.2,0.0
2025-03-19 21:00:00,NNW,3.6,337.5
2025-03-20 00:00:00,NE,7.2,45.0
2025-03-20 00:00:00,NE,7.2,45.0
2025-03-20 03:00:00,SSW,3.6,202.5
2025-03-20 06:00:00,NNW,7.2,337.5
2025-03-20 09:00:00,ESE,10.8,112.5
2025-03-20 12:00:00,ESE,7.2,112.5
2025-03-20 15:00:00,NE,7.2,45.0
2025-03-20 18:00:00,E,3.6,90.0
2025-03-20 21:00:00,NE,3.6,45.0
2025-03-21 00:00:00,N,3.6,0.0
2025-03-21 00:00:00,N,3.6,0.0
2025-03-21 03:00:00,NNW,7.2,337.5
2025-03-21 06:00:00,NE,10.8,45.0
2025-03-21 09:00:00,E,7.2,90.0
2025-03-21 12:00:00,SE,3.6,135.0
2025-03-21 15:00:00,W,3.6,270.0
2025-03-21 18:00:00,CAL,0.0,
2025-03-21 21:00:00,CAL,0.0,
2025-03-22 00:00:00,W,3.6,270.0
2025-03-22 00:00:00,W,3.6,270.0
2025-03-22 03:00:00,S,7.2,180.0
2025-03-22 06:00:00,WSW,7.2,247.5
2025-03-22 09:00:00,ESE,7.2,112.5
2025-03-22 12:00:00,ENE,3.6,67.5
2025-03-22 15:00:00,CAL,0.0,
2025-03-22 18:00:00,CAL,0.0,
2025-03-22 21:00:00,CAL,0.0,
2025-03-23 00:00:00,CAL,0.0,
2025-03-23 00:00:00,CAL,0.0,
2025-03-23 03:00:00,SW,3.6,225.0
2025-03-23 06:00:00,NNE,7.2,22.5
2025-03-23 09:00:00,E,3.6,90.0
2025-03-23 12:00:00,E,3.6,90.0
2025-03-23 15:00:00,SSE,3.6,157.5
2025-03-23 18:00:00,CAL,0.0,
2025-03-23 21:00:00,CAL,0.0,
2025-03-24 00:00:00,WNW,3.6,292.5
2025-03-24 00:00:00,WNW,3.6,292.5
2025-03-24 03:00:00,WNW,3.6,292.5
2025-03-24 06:00:00,CAL,0.0,
2025-03-24 09:00:00,WNW,3.6,292.5
2025-03-24 12:00:00,CAL,0.0,
2025-03-24 15:00:00,CAL,0.0,
2025-03-24 18:00:00,CAL,0.0,
2025-03-24 21:00:00,CAL,0.0,
2025-03-25 00:00:00,E,3.6,90.0
2025-03-25 00:00:00,E,3.6,90.0
2025-03-25 03:00:00,SSW,7.2,202.5
2025-03-25 06:00:00,E,7.2,90.0
2025-03-25 09:00:00,S,10.8,180.0
2025-03-25 12:00:00,S,7.2,180.0
2025-03-25 15:00:00,SSE,3.6,157.5
2025-03-25 18:00:00,CAL,0.0,
2025-03-25 21:00:00,CAL,0.0,
2025-03-26 00:00:00,S,7.2,180.0
2025-03-26 00:00:00,S,7.2,180.0
2025-03-26 03:00:00,SW,3.6,225.0
2025-03-26 06:00:00,W,7.2,270.0
2025-03-26 09:00:00,W,3.6,270.0
2025-03-26 12:00:00,ESE,3.6,112.5
2025-03-26 15:00:00,CAL,0.0,
2025-03-26 18:00:00,NW,3.6,315.0
2025-03-26 21:00:00,CAL,0.0,
2025-03-27 00:00:00,ENE,7.2,67.5
2025-03-27 00:00:00,ENE,7.2,67.5
2025-03-27 03:00:00,ESE,7.2,112.5
2025-03-27 06:00:00,SSE,7.2,157.5
2025-03-27 09:00:00,W,7.2,270.0
2025-03-27 12:00:00,SSE,7.2,157.5
2025-03-27 15:00:00,SE,7.2,135.0
2025-03-27 18:00:00,E,3.6,90.0
2025-03-27 21:00:00,CAL,0.0,
2025-03-28 00:00:00,CAL,0.0,
2025-03-28 00:00:00,CAL,0.0,
2025-03-28 03:00:00,W,7.2,270.0
2025-03-28 06:00:00,N,7.2,0.0
2025-03-28 09:00:00,N,3.6,0.0
2025-03-28 12:00:00,N,3.6,0.0
2025-03-28 15:00:00,SE,7.2,135.0
2025-03-28 18:00:00,CAL,0.0,
2025-03-28 21:00:00,CAL,0.0,
2025-03-29 00:00:00,S,3.6,180.0
2025-03-29 00:00:00,S,3.6,180.0
2025-03-29 03:00:00,SW,3.6,225.0
2025-03-29 06:00:00,NW,3.6,315.0
2025-03-29 09:00:00,SSE,10.8,157.5
2025-03-29 12:00:00,E,3.6,90.0
2025-03-29 15:00:00,ENE,3.6,67.5
2025-03-29 18:00:00,NNE,3.6,22.5
2025-03-29 21:00:00,CAL,0.0,
2025-03-30 00:00:00,NW,3.6,315.0
2025-03-30 00:00:00,NW,3.6,315.0
2025-03-30 03:00:00,W,3.6,270.0
2025-03-30 06:00:00,SE,7.2,135.0
2025-03-30 09:00:00,E,7.2,90.0
2025-03-30 12:00:00,ESE,3.6,112.5
2025-03-30 15:00:00,SE,3.6,135.0
2025-03-30 18:00:00,E,3.6,90.0
2025-03-30 21:00:00,S,3.6,180.0
2025-03-31 00:00:00,SSE,3.6,157.5
2025-03-31 00:00:00,SSE,3.6,157.5
2025-03-31 03:00:00,S,7.2,180.0
2025-03-31 06:00:00,SE,3.6,135.0
2025-03-31 09:00:00,E,7.2,90.0
2025-03-31 12:00:00,E,7.2,90.0
2025-03-31 15:00:00,ESE,3.6,112.5
2025-03-31 18:00:00,SE,3.6,135.0
2025-03-31 21:00:00,CAL,0.0,
2025-04-01 00:00:00,WNW,3.6,292.5
2025-04-01 00:00:00,WNW,3.6,292.5
2025-04-01 03:00:00,NNW,7.2,337.5
2025-04-01 06:00:00,SW,7.2,225.0
2025-04-01 09:00:00,SW,3.6,225.0
2025-04-01 12:00:00,SE,3.6,135.0
2025-04-01 15:00:00,CAL,0.0,
2025-04-01 18:00:00,SW,3.6,225.0
2025-04-01 21:00:00,ESE,3.6,112.5
2025-04-02 00:00:00,NE,3.6,45.0
2025-04-02 00:00:00,NE,3.6,45.0
2025-04-02 03:00:00,CAL,0.0,
2025-04-02 06:00:00,WSW,7.2,247.5
2025-04-02 09:00:00,NNE,3.6,22.5
2025-04-02 12:00:00,NE,3.6,45.0
2025-04-02 15:00:00,ESE,3.6,112.5
2025-04-02 18:00:00,S,3.6,180.0
2025-04-02 21:00:00,NNW,3.6,337.5
2025-04-03 00:00:00,SSW,3.6,202.5
2025-04-03 00:00:00,SSW,3.6,202.5
2025-04-03 03:00:00,W,3.6,270.0
2025-04-03 06:00:00,NNW,7.2,337.5
2025-04-03 09:00:00,E,7.2,90.0
2025-04-03 12:00:00,S,3.6,180.0
2025-04-03 15:00:00,S,3.6,180.0
2025-04-03 18:00:00,S,3.6,180.0
2025-04-03 21:00:00,NE,3.6,45.0
2025-04-04 00:00:00,N,3.6,0.0
2025-04-04 00:00:00,N,3.6,0.0
2025-04-04 03:00:00,ESE,10.8,112.5
2025-04-04 06:00:00,W,7.2,270.0
2025-04-04 09:00:00,E,7.2,90.0
2025-04-04 12:00:00,SE,7.2,135.0
2025-04-04 15:00:00,S,3.6,180.0
2025-04-04 18:00:00,SE,3.6,135.0
2025-04-04 21:00:00,E,7.2,90.0
2025-04-05 00:00:00,N,7.2,0.0
2025-04-05 00:00:00,N,7.2,0.0
2025-04-05 03:00:00,S,7.2,180.0
2025-04-05 06:00:00,SE,3.6,135.0
2025-04-05 09:00:00,SSE,7.2,157.5
2025-04-05 12:00:00,SSE,3.6,157.5
2025-04-05 15:00:00,E,3.6,90.0
2025-04-05 18:00:00,SSE,3.6,157.5
2025-04-05 21:00:00,SE,3.6,135.0
2025-04-06 00:00:00,WSW,3.6,247.5
2025-04-06 00:00:00,WSW,3.6,247.5
2025-04-06 03:00:00,SW,3.6,225.0
2025-04-06 06:00:00,SSW,7.2,202.5
2025-04-06 09:00:00,SE,7.2,135.0
2025-04-06 12:00:00,SE,3.6,135.0
2025-04-06 15:00:00,NE,3.6,45.0
2025-04-06 18:00:00,NNE,3.6,22.5
2025-04-06 21:00:00,CAL,0.0,
2025-04-07 00:00:00,SE,3.6,135.0
2025-04-07 00:00:00,SE,3.6,135.0
2025-04-07 03:00:00,E,10.8,90.0
2025-04-07 06:00:00,NE,7.2,45.0
2025-04-07 09:00:00,E,7.2,90.0
2025-04-07 12:00:00,E,7.2,90.0
2025-04-07 15:00:00,SE,3.6,135.0
2025-04-07 18:00:00,CAL,0.0,
2025-04-07 21:00:00,NNE,3.6,22.5
2025-04-08 00:00:00,WNW,3.6,292.5
2025-04-08 00:00:00,WNW,3.6,292.5
2025-04-08 03:00:00,WSW,7.2,247.5
2025-04-08 06:00:00,WSW,7.2,247.5
2025-04-08 09:00:00,ESE,3.6,112.5
2025-04-08 12:00:00,E,7.2,90.0
2025-04-08 15:00:00,ESE,3.6,112.5
2025-04-08 18:00:00,S,3.6,180.0
2025-04-08 21:00:00,CAL,0.0,
2025-04-09 00:00:00,NNE,3.6,22.5
2025-04-09 00:00:00,NNE,3.6,22.5
2025-04-09 03:00:00,SSW,7.2,202.5
2025-04-09 06:00:00,S,7.2,180.0
2025-04-09 09:00:00,S,10.8,180.0
2025-04-09 12:00:00,E,7.2,90.0
2025-04-09 15:00:00,ESE,3.6,112.5
2025-04-09 18:00:00,SE,3.6,135.0
2025-04-09 21:00:00,CAL,0.0,
2025-04-10 00:00:00,E,3.6,90.0
2025-04-10 00:00:00,E,3.6,90.0
2025-04-10 03:00:00,W,7.2,270.0
2025-04-10 06:00:00,E,7.2,90.0
2025-04-10 09:00:00,W,7.2,270.0
2025-04-10 12:00:00,S,3.6,180.0
2025-04-10 15:00:00,SSW,3.6,202.5
2025-04-10 18:00:00,NW,3.6,315.0
2025-04-11 00:00:00,N,7.2,0.0
2025-04-11 00:00:00,N,7.2,0.0
2025-04-11 03:00:00,E,3.6,90.0
2025-04-11 06:00:00,S,7.2,180.0
2025-04-11 09:00:00,SE,10.8,135.0
2025-04-11 12:00:00,ESE,7.2,112.5
2025-04-11 15:00:00,SE,7.2,135.0
2025-04-11 18:00:00,NE,3.6,45.0
2025-04-11 21:00:00,CAL,0.0,
2025-04-12 00:00:00,NW,3.6,315.0
2025-04-12 00:00:00,NW,3.6,315.0
2025-04-12 03:00:00,E,3.6,90.0
2025-04-12 06:00:00,E,7.2,90.0
2025-04-12 09:00:00,SE,10.8,135.0
2025-04-12 12:00:00,SSE,3.6,157.5
2025-04-12 15:00:00,SE,7.2,135.0
2025-04-12 18:00:00,CAL,0.0,
2025-04-12 21:00:00,NE,3.6,45.0
2025-04-13 00:00:00,S,3.6,180.0
2025-04-13 00:00:00,S,3.6,180.0
2025-04-13 03:00:00,S,7.2,180.0
2025-04-13 06:00:00,SW,7.2,225.0
2025-04-13 09:00:00,NNE,7.2,22.5
2025-04-13 12:00:00,ESE,3.6,112.5
2025-04-13 15:00:00,CAL,0.0,
2025-04-13 18:00:00,NNW,3.6,337.5
2025-04-13 21:00:00,N,3.6,0.0
2025-04-14 00:00:00,NNE,3.6,22.5
2025-04-14 00:00:00,NNE,3.6,22.5
2025-04-14 03:00:00,SSW,3.6,202.5
2025-04-14 06:00:00,W,7.2,270.0
2025-04-14 09:00:00,NW,7.2,315.0
2025-04-14 12:00:00,W,3.6,270.0
2025-04-14 15:00:00,SW,3.6,225.0
2025-04-14 18:00:00,E,3.6,90.0
2025-04-14 21:00:00,NNE,3.6,22.5
2025-04-15 00:00:00,W,7.2,270.0
2025-04-15 00:00:00,W,7.2,270.0
2025-04-15 03:00:00,NE,7.2,45.0
2025-04-15 06:00:00,W,10.8,270.0
2025-04-15 09:00:00,S,7.2,180.0
2025-04-15 12:00:00,SSE,3.6,157.5
2025-04-15 15:00:00,NNE,3.6,22.5
2025-04-15 18:00:00,N,3.6,0.0
2025-04-15 21:00:00,CAL,0.0,
2025-04-16 00:00:00,SSE,3.6,157.5
2025-04-16 00:00:00,SSE,3.6,157.5
2025-04-16 03:00:00,WSW,7.2,247.5
2025-04-16 06:00:00,SSW,7.2,202.5
2025-04-16 09:00:00,SSE,7.2,157.5
2025-04-16 12:00:00,SSE,7.2,157.5
2025-04-16 15:00:00,ESE,3.6,112.5
2025-04-16 18:00:00,NNE,3.6,22.5
2025-04-16 21:00:00,CAL,0.0,
2025-04-17 00:00:00,NNW,3.6,337.5
2025-04-17 00:00:00,NNW,3.6,337.5
2025-04-17 03:00:00,WSW,7.2,247.5
2025-04-17 06:00:00,ESE,7.2,112.5
2025-04-17 09:00:00,S,7.2,180.0
2025-04-17 12:00:00,SE,3.6,135.0
2025-04-17 15:00:00,SE,7.2,135.0
2025-04-17 18:00:00,CAL,0.0,
2025-04-17 21:00:00,NE,3.6,45.0
2025-04-18 00:00:00,NNW,3.6,337.5
2025-04-18 00:00:00,NNW,3.6,337.5
2025-04-18 03:00:00,NNE,7.2,22.5
2025-04-18 06:00:00,SSW,7.2,202.5
2025-04-18 09:00:00,ESE,3.6,112.5
2025-04-18 12:00:00,ESE,3.6,112.5
2025-04-18 15:00:00,CAL,0.0,
2025-04-18 18:00:00,CAL,0.0,
2025-04-18 21:00:00,CAL,0.0,
2025-04-19 00:00:00,SE,3.6,135.0
2025-04-19 00:00:00,SE,3.6,135.0
2025-04-19 03:00:00,W,7.2,270.0
2025-04-19 06:00:00,W,7.2,270.0
2025-04-19 09:00:00,SE,10.8,135.0
2025-04-19 12:00:00,E,7.2,90.0
2025-04-19 15:00:00,SSW,3.6,202.5
2025-04-19 18:00:00,CAL,0.0,
2025-04-19 21:00:00,NE,3.6,45.0
2025-04-20 00:00:00,NNW,3.6,337.5
2025-04-20 00:00:00,NNW,3.6,337.5
2025-04-20 03:00:00,SE,10.8,135.0
2025-04-20 06:00:00,W,7.2,270.0
2025-04-20 09:00:00,SSE,7.2,157.5
2025-04-20 12:00:00,SE,7.2,135.0
2025-04-20 15:00:00,SE,7.2,135.0
2025-04-20 18:00:00,SSE,3.6,157.5
2025-04-20 21:00:00,NE,3.6,45.0
2025-04-21 00:00:00,NE,3.6,45.0
2025-04-21 00:00:00,NE,3.6,45.0
2025-04-21 03:00:00,S,7.2,180.0
2025-04-21 06:00:00,ESE,3.6,112.5
2025-04-21 09:00:00,ESE,7.2,112.5
2025-04-21 12:00:00,ESE,3.6,112.5
2025-04-21 15:00:00,SE,3.6,135.0
2025-04-21 18:00:00,ESE,3.6,112.5
2025-04-21 21:00:00,CAL,0.0,
2025-04-22 00:00:00,CAL,0.0,
2025-04-22 00:00:00,CAL,0.0,
2025-04-22 03:00:00,SW,7.2,225.0
2025-04-22 06:00:00,SW,7.2,225.0
2025-04-22 09:00:00,ESE,3.6,112.5
2025-04-22 12:00:00,S,3.6,180.0
2025-04-22 15:00:00,E,3.6,90.0
2025-04-22 18:00:00,E,3.6,90.0
2025-04-22 21:00:00,SSW,3.6,202.5
2025-04-23 00:00:00,ESE,7.2,112.5
2025-04-23 00:00:00,ESE,7.2,112.5
2025-04-23 03:00:00,SSW,7.2,202.5
2025-04-23 06:00:00,NW,3.6,315.0
2025-04-23 09:00:00,SW,7.2,225.0
2025-04-23 12:00:00,W,7.2,270.0
2025-04-23 15:00:00,CAL,0.0,
2025-04-23 18:00:00,NE,3.6,45.0
2025-04-23 21:00:00,NNE,3.6,22.5
2025-04-24 00:00:00,E,3.6,90.0
2025-04-24 00:00:00,E,3.6,90.0
2025-04-24 03:00:00,S,3.6,180.0
2025-04-24 06:00:00,NNW,7.2,337.5
2025-04-24 09:00:00,SE,7.2,135.0
2025-04-24 12:00:00,S,3.6,180.0
2025-04-24 15:00:00,CAL,0.0,
2025-04-24 18:00:00,E,3.6,90.0
2025-04-24 21:00:00,NE,3.6,45.0
2025-04-25 00:00:00,E,3.6,90.0
2025-04-25 00:00:00,E,3.6,90.0
2025-04-25 03:00:00,S,3.6,180.0
2025-04-25 06:00:00,ESE,7.2,112.5
2025-04-25 09:00:00,SE,7.2,135.0
2025-04-25 12:00:00,CAL,0.0,
2025-04-25 15:00:00,NE,3.6,45.0
2025-04-25 18:00:00,E,3.6,90.0
2025-04-25 21:00:00,E,3.6,90.0
2025-04-26 00:00:00,NE,3.6,45.0
2025-04-26 00:00:00,NE,3.6,45.0
2025-04-26 03:00:00,NE,7.2,45.0
2025-04-26 06:00:00,E,3.6,90.0
2025-04-26 09:00:00,ESE,10.8,112.5
2025-04-26 12:00:00,SE,7.2,135.0
2025-04-26 15:00:00,E,3.6,90.0
2025-04-26 18:00:00,NNE,3.6,22.5
2025-04-26 21:00:00,N,3.6,0.0
2025-04-27 00:00:00,N,7.2,0.0
2025-04-27 00:00:00,N,7.2,0.0
2025-04-27 03:00:00,N,7.2,0.0
2025-04-27 06:00:00,SSW,3.6,202.5
2025-04-27 09:00:00,ENE,7.2,67.5
2025-04-27 12:00:00,ESE,7.2,112.5
2025-04-27 15:00:00,SE,3.6,135.0
2025-04-27 18:00:00,NNW,3.6,337.5
2025-04-27 21:00:00,N,3.6,0.0
2025-04-28 00:00:00,NE,7.2,45.0
2025-04-28 00:00:00,NE,7.2,45.0
2025-04-28 03:00:00,SSE,7.2,157.5
2025-04-28 06:00:00,SW,7.2,225.0
2025-04-28 09:00:00,NE,3.6,45.0
2025-04-28 12:00:00,SSE,3.6,157.5
2025-04-28 15:00:00,CAL,0.0,
2025-04-28 18:00:00,CAL,0.0,
2025-04-28 21:00:00,CAL,0.0,
2025-04-29 00:00:00,NE,3.6,45.0
2025-04-29 00:00:00,NE,3.6,45.0
2025-04-29 03:00:00,SE,7.2,135.0
2025-04-29 06:00:00,N,7.2,0.0
2025-04-29 09:00:00,CAL,0.0,
2025-04-29 12:00:00,SE,3.6,135.0
2025-04-29 15:00:00,ESE,3.6,112.5
2025-04-29 18:00:00,ENE,3.6,67.5
2025-04-29 21:00:00,CAL,0.0,
2025-04-30 00:00:00,NNE,3.6,22.5
2025-04-30 00:00:00,NNE,3.6,22.5
2025-04-30 03:00:00,E,7.2,90.0
2025-04-30 06:00:00,W,3.6,270.0
2025-04-30 09:00:00,SE,7.2,135.0
2025-04-30 12:00:00,SE,7.2,135.0
2025-04-30 15:00:00,SE,7.2,135.0
2025-04-30 18:00:00,ESE,3.6,112.5
2025-04-30 21:00:00,ENE,3.6,67.5
2025-05-01 00:00:00,ESE,3.6,112.5
2025-05-01 00:00:00,ESE,3.6,112.5
2025-05-01 03:00:00,ESE,3.6,112.5
2025-05-01 06:00:00,WSW,7.2,247.5
2025-05-01 09:00:00,S,7.2,180.0
2025-05-01 12:00:00,E,3.6,90.0
2025-05-01 15:00:00,NE,3.6,45.0
2025-05-01 18:00:00,N,3.6,0.0
2025-05-01 21:00:00,CAL,0.0,
2025-05-02 00:00:00,NE,3.6,45.0
2025-05-02 00:00:00,NE,3.6,45.0
2025-05-02 03:00:00,S,3.6,180.0
2025-05-02 06:00:00,W,7.2,270.0
2025-05-02 09:00:00,SE,3.6,135.0
2025-05-02 12:00:00,SSE,3.6,157.5
2025-05-02 15:00:00,SE,3.6,135.0
2025-05-02 18:00:00,N,3.6,0.0
2025-05-02 21:00:00,E,3.6,90.0
2025-05-03 00:00:00,SE,3.6,135.0
2025-05-03 00:00:00,SE,3.6,135.0
2025-05-03 03:00:00,SE,7.2,135.0
2025-05-03 06:00:00,N,7.2,0.0
2025-05-03 09:00:00,W,7.2,270.0
2025-05-03 12:00:00,SE,7.2,135.0
2025-05-03 15:00:00,SE,3.6,135.0
2025-05-03 18:00:00,CAL,0.0,
2025-05-03 21:00:00,CAL,0.0,
2025-05-04 00:00:00,W,3.6,270.0
2025-05-04 00:00:00,W,3.6,270.0
2025-05-04 03:00:00,S,10.8,180.0
2025-05-04 06:00:00,NE,7.2,45.0
2025-05-04 09:00:00,WSW,10.8,247.5
2025-05-04 12:00:00,CAL,0.0,
2025-05-04 15:00:00,E,3.6,90.0
2025-05-04 18:00:00,CAL,0.0,
2025-05-04 21:00:00,CAL,0.0,
2025-05-05 00:00:00,SSE,3.6,157.5
2025-05-05 00:00:00,SSE,3.6,157.5
2025-05-05 03:00:00,SE,7.2,135.0
2025-05-05 06:00:00,E,7.2,90.0
2025-05-05 09:00:00,NNW,3.6,337.5
2025-05-05 12:00:00,SE,7.2,135.0
2025-05-05 15:00:00,CAL,0.0,
2025-05-05 18:00:00,WSW,3.6,247.5
2025-05-05 21:00:00,NNW,3.6,337.5
2025-05-06 00:00:00,NNE,3.6,22.5
2025-05-06 00:00:00,NNE,3.6,22.5
2025-05-06 03:00:00,E,3.6,90.0
2025-05-06 06:00:00,W,7.2,270.0
2025-05-06 09:00:00,E,10.8,90.0
2025-05-06 12:00:00,NNE,3.6,22.5
2025-05-06 15:00:00,ESE,3.6,112.5
2025-05-06 18:00:00,ENE,3.6,67.5
2025-05-06 21:00:00,NE,3.6,45.0
2025-05-07 00:00:00,SE,3.6,135.0
2025-05-07 00:00:00,SE,3.6,135.0
2025-05-07 03:00:00,W,7.2,270.0
2025-05-07 06:00:00,NNE,7.2,22.5
2025-05-07 09:00:00,CAL,0.0,
2025-05-07 12:00:00,N,3.6,0.0
2025-05-07 15:00:00,CAL,0.0,
2025-05-07 18:00:00,E,3.6,90.0
2025-05-07 21:00:00,N,3.6,0.0
2025-05-08 00:00:00,N,3.6,0.0
2025-05-08 00:00:00,N,3.6,0.0
2025-05-08 03:00:00,NNE,7.2,22.5
2025-05-08 06:00:00,NNW,10.8,337.5
2025-05-08 09:00:00,SE,7.2,135.0
2025-05-08 12:00:00,S,3.6,180.0
2025-05-08 15:00:00,SE,3.6,135.0
2025-05-08 18:00:00,NE,3.6,45.0
2025-05-08 21:00:00,SE,3.6,135.0
2025-05-09 00:00:00,NE,3.6,45.0
2025-05-09 00:00:00,NE,3.6,45.0
2025-05-09 03:00:00,SE,7.2,135.0
2025-05-09 06:00:00,ENE,7.2,67.5
2025-05-09 09:00:00,NW,7.2,315.0
2025-05-09 12:00:00,CAL,0.0,
2025-05-09 15:00:00,CAL,0.0,
2025-05-09 18:00:00,CAL,0.0,
2025-05-09 21:00:00,CAL,0.0,
2025-05-10 00:00:00,E,3.6,90.0
2025-05-10 00:00:00,E,3.6,90.0
2025-05-10 03:00:00,E,7.2,90.0
2025-05-10 06:00:00,E,7.2,90.0
2025-05-10 09:00:00,S,7.2,180.0
2025-05-10 12:00:00,SE,3.6,135.0
2025-05-10 15:00:00,CAL,0.0,
2025-05-10 18:00:00,NNW,3.6,337.5
2025-05-10 21:00:00,E,3.6,90.0
2025-05-11 00:00:00,NW,3.6,315.0
2025-05-11 00:00:00,NW,3.6,315.0
2025-05-11 03:00:00,S,7.2,180.0
2025-05-11 06:00:00,WSW,7.2,247.5
2025-05-11 09:00:00,SW,7.2,225.0
2025-05-11 12:00:00,SW,3.6,225.0
2025-05-11 15:00:00,CAL,0.0,
2025-05-11 18:00:00,SE,3.6,135.0
2025-05-11 21:00:00,CAL,0.0,
2025-05-12 00:00:00,ENE,3.6,67.5
2025-05-12 00:00:00,ENE,3.6,67.5
2025-05-12 03:00:00,SE,3.6,135.0
2025-05-12 06:00:00,SSW,7.2,202.5
2025-05-12 09:00:00,W,7.2,270.0
2025-05-12 12:00:00,NE,3.6,45.0
2025-05-12 15:00:00,NNW,3.6,337.5
2025-05-12 18:00:00,CAL,0.0,
2025-05-12 21:00:00,ESE,3.6,112.5
2025-05-13 00:00:00,ESE,7.2,112.5
2025-05-13 00:00:00,ESE,7.2,112.5
2025-05-13 03:00:00,ESE,10.8,112.5
2025-05-13 06:00:00,NW,7.2,315.0
2025-05-13 09:00:00,N,10.8,0.0
2025-05-13 12:00:00,NW,3.6,315.0
2025-05-13 15:00:00,SSW,3.6,202.5
2025-05-13 18:00:00,SW,3.6,225.0
2025-05-13 21:00:00,ENE,3.6,67.5
2025-05-14 00:00:00,NNW,7.2,337.5
2025-05-14 00:00:00,NNW,7.2,337.5
2025-05-14 03:00:00,ENE,3.6,67.5
2025-05-14 06:00:00,WSW,10.8,247.5
2025-05-14 09:00:00,ENE,3.6,67.5
2025-05-14 12:00:00,CAL,0.0,
2025-05-14 15:00:00,ENE,3.6,67.5
2025-05-14 18:00:00,CAL,0.0,
2025-05-14 21:00:00,CAL,0.0,
2025-05-15 00:00:00,WNW,7.2,292.5
2025-05-15 00:00:00,WNW,7.2,292.5
2025-05-15 03:00:00,SSE,7.2,157.5
2025-05-15 06:00:00,ENE,7.2,67.5
2025-05-15 09:00:00,SSE,7.2,157.5
2025-05-15 12:00:00,ENE,3.6,67.5
2025-05-15 15:00:00,E,3.6,90.0
2025-05-15 18:00:00,E,3.6,90.0
2025-05-15 21:00:00,N,3.6,0.0
2025-05-16 00:00:00,ENE,7.2,67.5
2025-05-16 00:00:00,ENE,7.2,67.5
2025-05-16 03:00:00,SE,7.2,135.0
2025-05-16 06:00:00,SSE,7.2,157.5
2025-05-16 09:00:00,ESE,7.2,112.5
2025-05-16 12:00:00,E,3.6,90.0
2025-05-16 15:00:00,E,7.2,90.0
2025-05-16 18:00:00,E,3.6,90.0
2025-05-16 21:00:00,CAL,0.0,
2025-05-17 00:00:00,NW,3.6,315.0
2025-05-17 00:00:00,NW,3.6,315.0
2025-05-17 03:00:00,NW,7.2,315.0
2025-05-17 06:00:00,NNW,10.8,337.5
2025-05-17 09:00:00,NE,7.2,45.0
2025-05-17 12:00:00,E,3.6,90.0
2025-05-17 15:00:00,E,3.6,90.0
2025-05-17 18:00:00,CAL,0.0,
2025-05-17 21:00:00,CAL,0.0,
2025-05-18 00:00:00,ESE,3.6,112.5
2025-05-18 00:00:00,ESE,3.6,112.5
2025-05-18 03:00:00,SSW,7.2,202.5
2025-05-18 06:00:00,S,7.2,180.0
2025-05-18 09:00:00,NE,3.6,45.0
2025-05-18 12:00:00,ESE,7.2,112.5
2025-05-18 15:00:00,E,7.2,90.0
2025-05-18 18:00:00,NE,3.6,45.0
2025-05-18 21:00:00,ENE,3.6,67.5
2025-05-19 00:00:00,SE,10.8,135.0
2025-05-19 00:00:00,SE,10.8,135.0
2025-05-19 03:00:00,SE,7.2,135.0
2025-05-19 06:00:00,SSE,10.8,157.5
2025-05-19 09:00:00,SW,10.8,225.0
2025-05-19 12:00:00,E,7.2,90.0
2025-05-19 15:00:00,SE,7.2,135.0
2025-05-19 18:00:00,SE,3.6,135.0
2025-05-19 21:00:00,N,3.6,0.0
2025-05-20 00:00:00,SE,7.2,135.0
2025-05-20 00:00:00,SE,7.2,135.0
2025-05-20 03:00:00,SSE,7.2,157.5
2025-05-20 06:00:00,ESE,10.8,112.5
2025-05-20 09:00:00,SE,7.2,135.0
2025-05-20 12:00:00,E,3.6,90.0
2025-05-20 15:00:00,SE,7.2,135.0
2025-05-20 18:00:00,SE,3.6,135.0
2025-05-20 21:00:00,NE,3.6,45.0
2025-05-21 00:00:00,ESE,7.2,112.5
2025-05-21 00:00:00,ESE,7.2,112.5
2025-05-21 03:00:00,ESE,10.8,112.5
2025-05-21 06:00:00,SE,10.8,135.0
2025-05-21 09:00:00,S,7.2,180.0
2025-05-21 12:00:00,E,7.2,90.0
2025-05-21 15:00:00,ESE,3.6,112.5
2025-05-21 18:00:00,CAL,0.0,
2025-05-21 21:00:00,CAL,0.0,
2025-05-22 00:00:00,SSE,7.2,157.5
2025-05-22 00:00:00,SSE,7.2,157.5
2025-05-22 03:00:00,ENE,7.2,67.5
2025-05-22 06:00:00,NW,7.2,315.0
2025-05-22 09:00:00,W,7.2,270.0
2025-05-22 12:00:00,E,3.6,90.0
2025-05-22 15:00:00,E,3.6,90.0
2025-05-22 18:00:00,SE,3.6,135.0
2025-05-22 21:00:00,E,3.6,90.0
2025-05-23 00:00:00,SE,3.6,135.0
2025-05-23 00:00:00,SE,3.6,135.0
2025-05-23 03:00:00,SSW,7.2,202.5
2025-05-23 06:00:00,WSW,7.2,247.5
2025-05-23 09:00:00,SE,7.2,135.0
2025-05-23 12:00:00,ENE,7.2,67.5
2025-05-23 15:00:00,N,3.6,0.0
2025-05-23 18:00:00,CAL,0.0,
2025-05-23 21:00:00,CAL,0.0,
2025-05-24 00:00:00,S,3.6,180.0
2025-05-24 00:00:00,S,3.6,180.0
2025-05-24 03:00:00,W,7.2,270.0
2025-05-24 06:00:00,N,3.6,0.0
2025-05-24 09:00:00,N,7.2,0.0
2025-05-24 12:00:00,SE,7.2,135.0
2025-05-24 15:00:00,SE,3.6,135.0
2025-05-24 18:00:00,ESE,3.6,112.5
2025-05-24 21:00:00,CAL,0.0,
2025-05-25 00:00:00,ESE,3.6,112.5
2025-05-25 00:00:00,ESE,3.6,112.5
2025-05-25 03:00:00,SE,3.6,135.0
2025-05-25 06:00:00,NNW,14.4,337.5
2025-05-25 09:00:00,ENE,7.2,67.5
2025-05-25 12:00:00,SE,7.2,135.0
2025-05-25 15:00:00,SE,7.2,135.0
2025-05-25 18:00:00,SE,3.6,135.0
2025-05-25 21:00:00,ENE,3.6,67.5
2025-05-26 00:00:00,SE,7.2,135.0
2025-05-26 00:00:00,SE,7.2,135.0
2025-05-26 03:00:00,S,3.6,180.0
2025-05-26 06:00:00,N,10.8,0.0
2025-05-26 09:00:00,ESE,7.2,112.5
2025-05-26 12:00:00,E,7.2,90.0
2025-05-26 15:00:00,SE,7.2,135.0
2025-05-26 18:00:00,ESE,3.6,112.5
2025-05-26 21:00:00,CAL,0.0,
2025-05-27 00:00:00,E,3.6,90.0
2025-05-27 00:00:00,E,3.6,90.0
2025-05-27 03:00:00,NE,7.2,45.0
2025-05-27 06:00:00,W,7.2,270.0
2025-05-27 09:00:00,ENE,7.2,67.5
2025-05-27 12:00:00,CAL,0.0,
2025-05-27 15:00:00,CAL,0.0,
2025-05-27 18:00:00,S,7.2,180.0
2025-05-27 21:00:00,ESE,7.2,112.5
2025-05-28 00:00:00,S,3.6,180.0
2025-05-28 00:00:00,S,3.6,180.0
2025-05-28 03:00:00,SE,10.8,135.0
2025-05-28 06:00:00,SSE,7.2,157.5
2025-05-28 09:00:00,SE,7.2,135.0
2025-05-28 12:00:00,SE,7.2,135.0
2025-05-28 15:00:00,SE,7.2,135.0
2025-05-28 18:00:00,SE,7.2,135.0
2025-05-28 21:00:00,E,7.2,90.0
2025-05-29 00:00:00,N,3.6,0.0
2025-05-29 00:00:00,N,3.6,0.0
2025-05-29 03:00:00,SE,7.2,135.0
2025-05-29 06:00:00,SE,7.2,135.0
2025-05-29 09:00:00,W,7.2,270.0
2025-05-29 12:00:00,W,7.2,270.0
2025-05-29 15:00:00,W,3.6,270.0
2025-05-29 18:00:00,CAL,0.0,
2025-05-29 21:00:00,CAL,0.0,
2025-05-30 00:00:00,NNE,3.6,22.5
2025-05-30 00:00:00,NNE,3.6,22.5
2025-05-30 03:00:00,WSW,7.2,247.5
2025-05-30 06:00:00,WSW,10.8,247.5
2025-05-30 09:00:00,W,14.4,270.0
2025-05-30 12:00:00,NNE,3.6,22.5
2025-05-30 15:00:00,CAL,0.0,
2025-05-30 18:00:00,CAL,0.0,
2025-05-30 21:00:00,E,3.6,90.0
2025-05-31 00:00:00,S,3.6,180.0
2025-05-31 00:00:00,S,3.6,180.0
2025-05-31 03:00:00,W,7.2,270.0
2025-05-31 06:00:00,W,7.2,270.0
2025-05-31 09:00:00,ESE,7.2,112.5
2025-05-31 12:00:00,CAL,0.0,
2025-05-31 15:00:00,NW,3.6,315.0
2025-05-31 18:00:00,ESE,3.6,112.5
2025-05-31 21:00:00,ESE,3.6,112.5
2025-06-01 00:00:00,SSE,3.6,157.5
2025-06-01 00:00:00,SSE,3.6,157.5
2025-06-01 03:00:00,SSW,7.2,202.5
2025-06-01 06:00:00,SSW,7.2,202.5
2025-06-01 09:00:00,WSW,10.8,247.5
2025-06-01 12:00:00,SW,7.2,225.0
2025-06-01 15:00:00,SW,3.6,225.0
2025-06-01 18:00:00,S,3.6,180.0
2025-06-01 21:00:00,CAL,0.0,
2025-06-02 00:00:00,S,7.2,180.0
2025-06-02 00:00:00,S,7.2,180.0
2025-06-02 03:00:00,SSW,10.8,202.5
2025-06-02 06:00:00,SSW,10.8,202.5
2025-06-02 09:00:00,NNW,3.6,337.5
2025-06-02 12:00:00,W,7.2,270.0
2025-06-02 15:00:00,ESE,3.6,112.5
2025-06-02 18:00:00,SE,3.6,135.0
2025-06-02 21:00:00,ESE,3.6,112.5
2025-06-03 00:00:00,ESE,7.2,112.5
2025-06-03 00:00:00,ESE,7.2,112.5
2025-06-03 03:00:00,SSW,7.2,202.5
2025-06-03 06:00:00,W,7.2,270.0
2025-06-03 09:00:00,S,10.8,180.0
2025-06-03 12:00:00,WSW,3.6,247.5
2025-06-03 15:00:00,SE,3.6,135.0
2025-06-03 18:00:00,CAL,0.0,
2025-06-03 21:00:00,NNE,3.6,22.5
2025-06-04 00:00:00,SSW,3.6,202.5
2025-06-04 00:00:00,SSW,3.6,202.5
2025-06-04 03:00:00,W,7.2,270.0
2025-06-04 06:00:00,SSW,10.8,202.5
2025-06-04 09:00:00,W,7.2,270.0
2025-06-04 12:00:00,SW,3.6,225.0
2025-06-04 15:00:00,W,3.6,270.0
2025-06-04 18:00:00,WNW,7.2,292.5
2025-06-04 21:00:00,ENE,3.6,67.5
2025-06-05 00:00:00,E,7.2,90.0
2025-06-05 00:00:00,E,7.2,90.0
2025-06-05 03:00:00,NW,10.8,315.0
2025-06-05 06:00:00,W,7.2,270.0
2025-06-05 09:00:00,S,3.6,180.0
2025-06-05 12:00:00,S,3.6,180.0
2025-06-05 15:00:00,E,3.6,90.0
2025-06-05 18:00:00,NE,3.6,45.0
2025-06-05 21:00:00,S,3.6,180.0
2025-06-06 00:00:00,SSE,3.6,157.5
2025-06-06 00:00:00,SSE,3.6,157.5
2025-06-06 03:00:00,SW,7.2,225.0
2025-06-06 06:00:00,W,10.8,270.0
2025-06-06 09:00:00,E,7.2,90.0
2025-06-06 12:00:00,NNW,7.2,337.5
2025-06-06 15:00:00,NE,3.6,45.0
2025-06-06 18:00:00,N,3.6,0.0
2025-06-06 21:00:00,N,3.6,0.0
2025-06-07 00:00:00,NW,3.6,315.0
2025-06-07 00:00:00,NW,3.6,315.0
2025-06-07 03:00:00,E,3.6,90.0
2025-06-07 06:00:00,SE,3.6,135.0
2025-06-07 09:00:00,S,3.6,180.0
2025-06-07 12:00:00,CAL,0.0,
2025-06-07 15:00:00,NW,7.2,315.0
2025-06-07 18:00:00,E,3.6,90.0
2025-06-07 21:00:00,WNW,3.6,292.5
2025-06-08 00:00:00,CAL,0.0,
2025-06-08 00:00:00,CAL,0.0,
2025-06-08 03:00:00,NNW,3.6,337.5
2025-06-08 06:00:00,WNW,3.6,292.5
2025-06-08 09:00:00,WSW,7.2,247.5
2025-06-08 12:00:00,SSW,3.6,202.5
2025-06-08 15:00:00,S,3.6,180.0
2025-06-08 18:00:00,E,3.6,90.0
2025-06-08 21:00:00,CAL,0.0,
2025-06-09 00:00:00,SSE,3.6,157.5
2025-06-09 00:00:00,SSE,3.6,157.5
2025-06-09 03:00:00,SSW,7.2,202.5
2025-06-09 06:00:00,SSE,7.2,157.5
2025-06-09 09:00:00,SW,7.2,225.0
2025-06-09 12:00:00,SSE,3.6,157.5
2025-06-09 15:00:00,SSW,3.6,202.5
2025-06-09 18:00:00,E,3.6,90.0
2025-06-09 21:00:00,CAL,0.0,
2025-06-10 00:00:00,NE,7.2,45.0
2025-06-10 00:00:00,NE,7.2,45.0
2025-06-10 03:00:00,SSW,7.2,202.5
2025-06-10 06:00:00,SW,7.2,225.0
2025-06-10 09:00:00,ESE,3.6,112.5
2025-06-10 12:00:00,ENE,3.6,67.5
2025-06-10 15:00:00,CAL,0.0,
2025-06-10 18:00:00,WSW,3.6,247.5
2025-06-10 21:00:00,SSE,3.6,157.5
2025-06-11 00:00:00,CAL,0.0,
2025-06-11 00:00:00,CAL,0.0,
2025-06-11 03:00:00,S,3.6,180.0
2025-06-11 06:00:00,W,7.2,270.0
2025-06-11 09:00:00,S,3.6,180.0
2025-06-11 12:00:00,SW,7.2,225.0
2025-06-11 15:00:00,ENE,3.6,67.5
2025-06-11 18:00:00,SSE,3.6,157.5
2025-06-11 21:00:00,ENE,3.6,67.5
2025-06-12 00:00:00,S,7.2,180.0
2025-06-12 00:00:00,S,7.2,180.0
2025-06-12 03:00:00,SE,7.2,135.0
2025-06-12 06:00:00,SE,7.2,135.0
2025-06-12 09:00:00,E,7.2,90.0
2025-06-12 12:00:00,SE,7.2,135.0
2025-06-12 15:00:00,CAL,0.0,
2025-06-12 18:00:00,E,3.6,90.0
2025-06-12 21:00:00,SE,3.6,135.0
2025-06-13 00:00:00,ESE,7.2,112.5
2025-06-13 00:00:00,ESE,7.2,112.5
2025-06-13 03:00:00,SE,7.2,135.0
2025-06-13 06:00:00,S,7.2,180.0
2025-06-13 09:00:00,W,3.6,270.0
2025-06-13 12:00:00,SE,7.2,135.0
2025-06-13 15:00:00,SE,3.6,135.0
2025-06-13 18:00:00,E,3.6,90.0
2025-06-13 21:00:00,NE,3.6,45.0
2025-06-14 00:00:00,ESE,3.6,112.5
2025-06-14 00:00:00,ESE,3.6,112.5
2025-06-14 03:00:00,SE,3.6,135.0
2025-06-14 06:00:00,W,7.2,270.0
2025-06-14 09:00:00,W,7.2,270.0
2025-06-14 12:00:00,SE,3.6,135.0
2025-06-14 15:00:00,SE,3.6,135.0
2025-06-14 18:00:00,SE,3.6,135.0
2025-06-14 21:00:00,NNE,3.6,22.5
2025-06-15 00:00:00,S,3.6,180.0
2025-06-15 00:00:00,S,3.6,180.0
2025-06-15 03:00:00,S,7.2,180.0
2025-06-15 06:00:00,W,3.6,270.0
2025-06-15 09:00:00,SSW,3.6,202.5
2025-06-15 12:00:00,E,3.6,90.0
2025-06-15 15:00:00,NE,3.6,45.0
2025-06-15 18:00:00,CAL,0.0,
2025-06-15 21:00:00,CAL,0.0,
2025-06-16 00:00:00,E,7.2,90.0
2025-06-16 00:00:00,E,7.2,90.0
2025-06-16 03:00:00,E,7.2,90.0
2025-06-16 06:00:00,NNW,7.2,337.5
2025-06-16 09:00:00,N,3.6,0.0
2025-06-16 12:00:00,E,3.6,90.0
2025-06-16 15:00:00,E,3.6,90.0
2025-06-16 18:00:00,CAL,0.0,
2025-06-16 21:00:00,CAL,0.0,
2025-06-17 00:00:00,NE,3.6,45.0
2025-06-17 00:00:00,NE,3.6,45.0
2025-06-17 03:00:00,SE,7.2,135.0
2025-06-17 06:00:00,SE,3.6,135.0
2025-06-17 09:00:00,WSW,3.6,247.5
2025-06-17 12:00:00,E,3.6,90.0
2025-06-17 15:00:00,NNE,3.6,22.5
2025-06-17 18:00:00,NNE,3.6,22.5
2025-06-17 21:00:00,CAL,0.0,
2025-06-18 00:00:00,ESE,3.6,112.5
2025-06-18 00:00:00,ESE,3.6,112.5
2025-06-18 03:00:00,S,7.2,180.0
2025-06-18 06:00:00,SSE,7.2,157.5
2025-06-18 09:00:00,S,7.2,180.0
2025-06-18 12:00:00,WSW,3.6,247.5
2025-06-18 15:00:00,ENE,3.6,67.5
2025-06-18 18:00:00,NE,3.6,45.0
2025-06-18 21:00:00,NNW,3.6,337.5
2025-06-19 00:00:00,NNE,3.6,22.5
2025-06-19 00:00:00,NNE,3.6,22.5
2025-06-19 03:00:00,E,7.2,90.0
2025-06-19 06:00:00,SE,7.2,135.0
2025-06-19 09:00:00,E,3.6,90.0
2025-06-19 12:00:00,ESE,3.6,112.5
2025-06-19 15:00:00,NE,3.6,45.0
2025-06-19 18:00:00,E,3.6,90.0
2025-06-19 21:00:00,S,3.6,180.0
2025-06-20 00:00:00,ESE,3.6,112.5
2025-06-20 00:00:00,ESE,3.6,112.5
2025-06-20 03:00:00,SE,3.6,135.0
2025-06-20 06:00:00,WSW,3.6,247.5
2025-06-20 09:00:00,E,3.6,90.0
2025-06-20 12:00:00,SSW,3.6,202.5
2025-06-20 15:00:00,N,3.6,0.0
2025-06-20 18:00:00,N,3.6,0.0
2025-06-20 21:00:00,CAL,0.0,
2025-06-21 00:00:00,S,3.6,180.0
2025-06-21 00:00:00,S,3.6,180.0
2025-06-21 03:00:00,SSW,7.2,202.5
2025-06-21 06:00:00,SE,7.2,135.0
2025-06-21 09:00:00,W,7.2,270.0
2025-06-21 12:00:00,ENE,3.6,67.5
2025-06-21 15:00:00,ESE,3.6,112.5
2025-06-21 18:00:00,N,3.6,0.0
2025-06-21 21:00:00,CAL,0.0,
2025-06-22 00:00:00,NNW,7.2,337.5
2025-06-22 00:00:00,NNW,7.2,337.5
2025-06-22 03:00:00,NNW,3.6,337.5
2025-06-22 06:00:00,WSW,7.2,247.5
2025-06-22 09:00:00,CAL,0.0,
2025-06-22 12:00:00,CAL,0.0,
2025-06-22 15:00:00,SE,3.6,135.0
2025-06-22 18:00:00,N,3.6,0.0
2025-06-22 21:00:00,NNE,3.6,22.5
2025-06-23 00:00:00,WNW,3.6,292.5
2025-06-23 00:00:00,WNW,3.6,292.5
2025-06-23 03:00:00,WNW,3.6,292.5
2025-06-23 06:00:00,NW,7.2,315.0
2025-06-23 09:00:00,CAL,0.0,
2025-06-23 12:00:00,SE,3.6,135.0
2025-06-23 13:00:00,SE,3.6,135.0
2025-06-23 15:00:00,CAL,0.0,
2025-06-23 18:00:00,CAL,0.0,
2025-06-23 21:00:00,CAL,0.0,
2025-06-24 00:00:00,SE,7.2,135.0
2025-06-24 00:00:00,SE,7.2,135.0
2025-06-24 03:00:00,SE,10.8,135.0
2025-06-24 06:00:00,S,10.8,180.0
2025-06-24 09:00:00,E,7.2,90.0
2025-06-24 12:00:00,SE,3.6,135.0
2025-06-24 15:00:00,E,3.6,90.0
2025-06-24 18:00:00,E,3.6,90.0
2025-06-24 21:00:00,CAL,0.0,
2025-06-25 00:00:00,NE,3.6,45.0
2025-06-25 00:00:00,NE,3.6,45.0
2025-06-25 03:00:00,WSW,3.6,247.5
2025-06-25 06:00:00,WNW,10.8,292.5
2025-06-25 09:00:00,W,7.2,270.0
2025-06-25 12:00:00,E,3.6,90.0
2025-06-25 15:00:00,E,3.6,90.0
2025-06-25 18:00:00,NE,3.6,45.0
2025-06-25 21:00:00,E,3.6,90.0
2025-06-26 00:00:00,E,7.2,90.0
2025-06-26 00:00:00,E,7.2,90.0
2025-06-26 03:00:00,SSW,3.6,202.5
2025-06-26 06:00:00,W,7.2,270.0
2025-06-26 09:00:00,W,7.2,270.0
2025-06-26 12:00:00,S,3.6,180.0
2025-06-26 15:00:00,E,3.6,90.0
2025-06-26 18:00:00,E,3.6,90.0
2025-06-26 21:00:00,NE,3.6,45.0
2025-06-27 00:00:00,NW,3.6,315.0
2025-06-27 00:00:00,NW,3.6,315.0
2025-06-27 03:00:00,W,3.6,270.0
2025-06-27 06:00:00,WSW,10.8,247.5
2025-06-27 09:00:00,W,7.2,270.0
2025-06-27 12:00:00,SSW,7.2,202.5
2025-06-27 15:00:00,E,7.2,90.0
2025-06-27 18:00:00,NE,3.6,45.0
2025-06-27 21:00:00,CAL,0.0,
2025-06-28 00:00:00,NE,3.6,45.0
2025-06-28 00:00:00,NE,3.6,45.0
2025-06-28 03:00:00,W,3.6,270.0
2025-06-28 06:00:00,W,7.2,270.0
2025-06-28 09:00:00,SW,7.2,225.0
2025-06-28 12:00:00,ESE,7.2,112.5
2025-06-28 15:00:00,SE,3.6,135.0
2025-06-28 18:00:00,E,3.6,90.0
2025-06-28 21:00:00,CAL,0.0,
2025-06-29 00:00:00,ESE,3.6,112.5
2025-06-29 00:00:00,ESE,3.6,112.5
2025-06-29 03:00:00,SW,7.2,225.0
2025-06-29 06:00:00,NE,3.6,45.0
2025-06-29 09:00:00,ESE,3.6,112.5
2025-06-29 12:00:00,W,3.6,270.0
2025-06-29 15:00:00,CAL,0.0,
2025-06-29 18:00:00,ESE,3.6,112.5
2025-06-29 21:00:00,SE,3.6,135.0
2025-06-30 00:00:00,NNW,3.6,337.5
2025-06-30 00:00:00,NNW,3.6,337.5
2025-06-30 03:00:00,NW,7.2,315.0
2025-06-30 06:00:00,WSW,10.8,247.5
2025-06-30 09:00:00,SE,3.6,135.0
2025-06-30 12:00:00,SSW,3.6,202.5
2025-06-30 15:00:00,CAL,0.0,
2025-06-30 18:00:00,CAL,0.0,
2025-06-30 21:00:00,E,3.6,90.0
2025-07-01 00:00:00,E,3.6,90.0
2025-07-01 00:00:00,E,3.6,90.0
2025-07-01 03:00:00,WNW,7.2,292.5
2025-07-01 06:00:00,WSW,10.8,247.5
2025-07-01 09:00:00,SSW,7.2,202.5
2025-07-01 12:00:00,NE,3.6,45.0
2025-07-01 15:00:00,NNW,10.8,337.5
2025-07-01 18:00:00,CAL,0.0,
2025-07-01 21:00:00,NW,3.6,315.0
2025-07-02 00:00:00,CAL,0.0,
2025-07-02 00:00:00,CAL,0.0,
2025-07-02 03:00:00,W,3.6,270.0
2025-07-02 06:00:00,W,7.2,270.0
2025-07-02 09:00:00,SW,3.6,225.0
2025-07-02 12:00:00,W,7.2,270.0
2025-07-02 15:00:00,SE,3.6,135.0
2025-07-02 18:00:00,S,3.6,180.0
2025-07-02 21:00:00,WNW,3.6,292.5
2025-07-03 00:00:00,SSE,3.6,157.5
2025-07-03 00:00:00,SSE,3.6,157.5
2025-07-03 03:00:00,WNW,7.2,292.5
2025-07-03 06:00:00,W,7.2,270.0
2025-07-03 09:00:00,SW,7.2,225.0
2025-07-03 12:00:00,W,3.6,270.0
2025-07-03 15:00:00,SE,3.6,135.0
2025-07-03 18:00:00,SE,3.6,135.0
2025-07-03 21:00:00,SE,3.6,135.0
2025-07-04 00:00:00,E,3.6,90.0
2025-07-04 00:00:00,E,3.6,90.0
2025-07-04 03:00:00,SSE,3.6,157.5
2025-07-04 06:00:00,WSW,10.8,247.5
2025-07-04 09:00:00,S,7.2,180.0
2025-07-04 12:00:00,S,3.6,180.0
2025-07-04 15:00:00,E,3.6,90.0
2025-07-04 18:00:00,S,3.6,180.0
2025-07-04 21:00:00,E,3.6,90.0
2025-07-05 00:00:00,SW,3.6,225.0
2025-07-05 00:00:00,SW,3.6,225.0
2025-07-05 03:00:00,SW,10.8,225.0
2025-07-05 06:00:00,NE,3.6,45.0
2025-07-05 09:00:00,ENE,3.6,67.5
2025-07-05 12:00:00,SSW,3.6,202.5
2025-07-05 15:00:00,SE,3.6,135.0
2025-07-05 18:00:00,CAL,0.0,
2025-07-05 21:00:00,ESE,3.6,112.5
2025-07-06 00:00:00,SW,3.6,225.0
2025-07-06 00:00:00,SW,3.6,225.0
2025-07-06 03:00:00,SW,10.8,225.0
2025-07-06 06:00:00,SW,3.6,225.0
2025-07-06 09:00:00,S,7.2,180.0
2025-07-06 12:00:00,SW,7.2,225.0
2025-07-06 15:00:00,NE,3.6,45.0
2025-07-06 18:00:00,CAL,0.0,
2025-07-06 21:00:00,N,3.6,0.0
2025-07-07 00:00:00,S,3.6,180.0
2025-07-07 00:00:00,S,3.6,180.0
2025-07-07 03:00:00,W,10.8,270.0
2025-07-07 06:00:00,W,10.8,270.0
2025-07-07 09:00:00,WSW,10.8,247.5
2025-07-07 12:00:00,W,7.2,270.0
2025-07-07 15:00:00,W,3.6,270.0
2025-07-07 18:00:00,S,3.6,180.0
2025-07-07 21:00:00,W,3.6,270.0
2025-07-08 00:00:00,W,7.2,270.0
2025-07-08 00:00:00,W,7.2,270.0
2025-07-08 03:00:00,SSW,10.8,202.5
2025-07-08 06:00:00,SSW,10.8,202.5
2025-07-08 09:00:00,WSW,7.2,247.5
2025-07-08 12:00:00,S,3.6,180.0
2025-07-08 15:00:00,WSW,3.6,247.5
2025-07-08 18:00:00,CAL,0.0,
2025-07-08 21:00:00,SE,3.6,135.0
2025-07-09 00:00:00,SSW,3.6,202.5
2025-07-09 00:00:00,SSW,3.6,202.5
2025-07-09 03:00:00,W,7.2,270.0
2025-07-09 06:00:00,E,3.6,90.0
2025-07-09 09:00:00,W,3.6,270.0
2025-07-09 12:00:00,W,7.2,270.0
2025-07-09 15:00:00,W,3.6,270.0
2025-07-09 18:00:00,CAL,0.0,
2025-07-09 21:00:00,NNE,3.6,22.5
2025-07-10 00:00:00,SSW,7.2,202.5
2025-07-10 00:00:00,SSW,7.2,202.5
2025-07-10 03:00:00,SSW,10.8,202.5
2025-07-10 06:00:00,SSW,7.2,202.5
2025-07-10 09:00:00,SSW,7.2,202.5
2025-07-10 12:00:00,CAL,0.0,
2025-07-10 15:00:00,S,3.6,180.0
2025-07-10 18:00:00,SE,3.6,135.0
2025-07-10 21:00:00,S,3.6,180.0
2025-07-11 00:00:00,W,3.6,270.0
2025-07-11 00:00:00,W,3.6,270.0
2025-07-11 03:00:00,SSE,7.2,157.5
2025-07-11 06:00:00,SSW,7.2,202.5
2025-07-11 09:00:00,W,10.8,270.0
2025-07-11 12:00:00,CAL,0.0,
2025-07-11 15:00:00,E,3.6,90.0
2025-07-11 18:00:00,SE,3.6,135.0
2025-07-11 21:00:00,E,3.6,90.0
2025-07-12 00:00:00,S,3.6,180.0
2025-07-12 00:00:00,S,3.6,180.0
2025-07-12 03:00:00,W,7.2,270.0
2025-07-12 06:00:00,SW,7.2,225.0
2025-07-12 09:00:00,WSW,3.6,247.5
2025-07-12 12:00:00,CAL,0.0,
2025-07-12 15:00:00,SE,3.6,135.0
2025-07-12 18:00:00,ESE,3.6,112.5
2025-07-12 21:00:00,ESE,3.6,112.5
2025-07-13 00:00:00,SW,3.6,225.0
2025-07-13 00:00:00,SW,3.6,225.0
2025-07-13 03:00:00,NNW,10.8,337.5
2025-07-13 06:00:00,SW,7.2,225.0
2025-07-13 09:00:00,SSW,7.2,202.5
2025-07-13 12:00:00,SW,3.6,225.0
2025-07-13 15:00:00,SE,3.6,135.0
2025-07-13 18:00:00,ESE,3.6,112.5
2025-07-13 21:00:00,E,3.6,90.0
2025-07-14 00:00:00,CAL,0.0,
2025-07-14 00:00:00,CAL,0.0,
2025-07-14 03:00:00,W,10.8,270.0
2025-07-14 06:00:00,W,7.2,270.0
2025-07-14 09:00:00,S,7.2,180.0
2025-07-14 12:00:00,S,3.6,180.0
2025-07-14 15:00:00,SW,7.2,225.0
2025-07-14 18:00:00,W,3.6,270.0
2025-07-14 21:00:00,NW,7.2,315.0
2025-07-15 00:00:00,NE,3.6,45.0
2025-07-15 00:00:00,NE,3.6,45.0
2025-07-15 03:00:00,WSW,7.2,247.5
2025-07-15 06:00:00,SSW,7.2,202.5
2025-07-15 09:00:00,SSE,7.2,157.5
2025-07-15 12:00:00,S,3.6,180.0
2025-07-15 15:00:00,WSW,3.6,247.5
2025-07-15 18:00:00,SSW,3.6,202.5
2025-07-15 21:00:00,ESE,3.6,112.5
2025-07-16 00:00:00,W,3.6,270.0
2025-07-16 00:00:00,W,3.6,270.0
2025-07-16 03:00:00,W,3.6,270.0
2025-07-16 06:00:00,SSW,7.2,202.5
2025-07-16 09:00:00,SW,7.2,225.0
2025-07-16 12:00:00,CAL,0.0,
2025-07-16 15:00:00,NW,3.6,315.0
2025-07-16 18:00:00,ESE,3.6,112.5
2025-07-16 21:00:00,CAL,0.0,
2025-07-17 00:00:00,SSW,3.6,202.5
2025-07-17 00:00:00,SSW,3.6,202.5
2025-07-17 03:00:00,W,3.6,270.0
2025-07-17 06:00:00,W,7.2,270.0
2025-07-17 09:00:00,SW,3.6,225.0
2025-07-17 12:00:00,N,7.2,0.0
2025-07-17 15:00:00,N,3.6,0.0
2025-07-17 18:00:00,CAL,0.0,
2025-07-17 21:00:00,CAL,0.0,
2025-07-18 00:00:00,CAL,0.0,
2025-07-18 00:00:00,CAL,0.0,
2025-07-18 03:00:00,WSW,7.2,247.5
2025-07-18 06:00:00,SSW,7.2,202.5
2025-07-18 09:00:00,WSW,7.2,247.5
2025-07-18 12:00:00,NW,3.6,315.0
2025-07-18 15:00:00,E,3.6,90.0
2025-07-18 18:00:00,S,3.6,180.0
2025-07-18 21:00:00,SW,7.2,225.0
2025-07-19 00:00:00,SW,7.2,225.0
2025-07-19 00:00:00,SW,7.2,225.0
2025-07-19 03:00:00,SW,10.8,225.0
2025-07-19 06:00:00,W,7.2,270.0
2025-07-19 09:00:00,SE,3.6,135.0
2025-07-19 12:00:00,NW,7.2,315.0
2025-07-19 15:00:00,SE,3.6,135.0
2025-07-19 18:00:00,SSW,3.6,202.5
2025-07-19 21:00:00,W,7.2,270.0
2025-07-20 00:00:00,SW,3.6,225.0
2025-07-20 00:00:00,SW,3.6,225.0
2025-07-20 03:00:00,S,7.2,180.0
2025-07-20 06:00:00,SW,7.2,225.0
2025-07-20 09:00:00,S,7.2,180.0
2025-07-20 12:00:00,S,3.6,180.0
2025-07-20 15:00:00,ESE,3.6,112.5
2025-07-20 18:00:00,SSE,3.6,157.5
2025-07-20 21:00:00,SE,3.6,135.0
2025-07-21 00:00:00,SSW,7.2,202.5
2025-07-21 00:00:00,SSW,7.2,202.5
2025-07-21 03:00:00,E,7.2,90.0
2025-07-21 06:00:00,SW,3.6,225.0
2025-07-21 09:00:00,N,3.6,0.0
2025-07-21 12:00:00,SW,3.6,225.0
2025-07-21 15:00:00,E,3.6,90.0
2025-07-21 18:00:00,SE,3.6,135.0
2025-07-21 21:00:00,WSW,3.6,247.5
2025-07-22 00:00:00,ENE,7.2,67.5
2025-07-22 00:00:00,ENE,7.2,67.5
2025-07-22 03:00:00,W,7.2,270.0
2025-07-22 06:00:00,WSW,3.6,247.5
2025-07-22 09:00:00,SW,7.2,225.0
2025-07-22 12:00:00,NNW,3.6,337.5
2025-07-22 15:00:00,CAL,0.0,
2025-07-22 18:00:00,WNW,3.6,292.5
2025-07-22 21:00:00,SW,3.6,225.0
2025-07-23 00:00:00,SE,3.6,135.0
2025-07-23 00:00:00,SE,3.6,135.0
2025-07-23 03:00:00,W,7.2,270.0
2025-07-23 06:00:00,W,3.6,270.0
2025-07-23 09:00:00,S,3.6,180.0
2025-07-23 12:00:00,SW,3.6,225.0
2025-07-23 15:00:00,SSE,3.6,157.5
2025-07-23 18:00:00,WNW,3.6,292.5
2025-07-23 21:00:00,SSW,3.6,202.5
2025-07-24 00:00:00,SSE,7.2,157.5
2025-07-24 00:00:00,SSE,7.2,157.5
2025-07-24 03:00:00,E,7.2,90.0
2025-07-24 06:00:00,SSE,3.6,157.5
2025-07-24 09:00:00,S,3.6,180.0
2025-07-24 12:00:00,SW,7.2,225.0
2025-07-24 15:00:00,S,7.2,180.0
2025-07-24 18:00:00,S,7.2,180.0
2025-07-24 21:00:00,S,7.2,180.0
2025-07-25 00:00:00,S,3.6,180.0
2025-07-25 00:00:00,S,3.6,180.0
2025-07-25 03:00:00,SSW,3.6,202.5
2025-07-25 06:00:00,W,7.2,270.0
2025-07-25 09:00:00,W,7.2,270.0
2025-07-25 12:00:00,SE,3.6,135.0
2025-07-25 15:00:00,W,3.6,270.0
2025-07-25 18:00:00,SSE,3.6,157.5
2025-07-25 21:00:00,S,3.6,180.0
2025-07-26 00:00:00,S,7.2,180.0
2025-07-26 00:00:00,S,7.2,180.0
2025-07-26 03:00:00,W,7.2,270.0
2025-07-26 06:00:00,W,7.2,270.0
2025-07-26 09:00:00,SSE,3.6,157.5
2025-07-26 12:00:00,S,3.6,180.0
2025-07-26 15:00:00,W,3.6,270.0
2025-07-26 18:00:00,SE,3.6,135.0
2025-07-26 21:00:00,CAL,0.0,
2025-07-27 00:00:00,SE,3.6,135.0
2025-07-27 00:00:00,SE,3.6,135.0
2025-07-27 03:00:00,WSW,10.8,247.5
2025-07-27 06:00:00,SW,10.8,225.0
2025-07-27 09:00:00,W,10.8,270.0
2025-07-27 12:00:00,E,3.6,90.0
2025-07-27 15:00:00,W,10.8,270.0
2025-07-27 18:00:00,W,3.6,270.0
2025-07-27 21:00:00,SW,3.6,225.0
2025-07-28 00:00:00,SSW,7.2,202.5
2025-07-28 00:00:00,SSW,7.2,202.5
2025-07-28 03:00:00,SW,7.2,225.0
2025-07-28 06:00:00,W,10.8,270.0
2025-07-28 09:00:00,S,10.8,180.0
2025-07-28 12:00:00,WSW,7.2,247.5
2025-07-28 15:00:00,SW,7.2,225.0
2025-07-28 18:00:00,SW,7.2,225.0
2025-07-28 21:00:00,NW,3.6,315.0
2025-07-29 00:00:00,W,7.2,270.0
2025-07-29 00:00:00,W,7.2,270.0
2025-07-29 03:00:00,SW,10.8,225.0
2025-07-29 06:00:00,W,10.8,270.0
2025-07-29 09:00:00,S,7.2,180.0
2025-07-29 12:00:00,SW,7.2,225.0
2025-07-29 15:00:00,SSW,3.6,202.5
2025-07-29 18:00:00,WSW,7.2,247.5
2025-07-29 21:00:00,SW,3.6,225.0
2025-07-30 00:00:00,SSW,7.2,202.5
2025-07-30 00:00:00,SSW,7.2,202.5
2025-07-30 03:00:00,WSW,10.8,247.5
2025-07-30 06:00:00,SW,10.8,225.0
2025-07-30 09:00:00,SW,7.2,225.0
2025-07-30 12:00:00,S,3.6,180.0
2025-07-30 15:00:00,SW,3.6,225.0
2025-07-30 18:00:00,S,3.6,180.0
2025-07-30 21:00:00,WSW,7.2,247.5
2025-07-31 00:00:00,SW,10.8,225.0
